"variable","modalite","effectif"
"hhid","10001",1
"hhid","10002",1
"hhid","10003",1
"hhid","10004",1
"hhid","10005",1
"hhid","10006",1
"hhid","10007",1
"hhid","10008",1
"hhid","10009",1
"hhid","1001",1
"hhid","10010",1
"hhid","10011",1
"hhid","10012",1
"hhid","1002",1
"hhid","1003",1
"hhid","1004",1
"hhid","1005",1
"hhid","1006",1
"hhid","1007",1
"hhid","1008",1
"hhid","10101",1
"hhid","10102",1
"hhid","10103",1
"hhid","10105",1
"hhid","10106",1
"hhid","10108",1
"hhid","10109",1
"hhid","10110",1
"hhid","10111",1
"hhid","10113",1
"hhid","10114",1
"hhid","10115",1
"hhid","1012",1
"hhid","1013",1
"hhid","1014",1
"hhid","1015",1
"hhid","10201",1
"hhid","10202",1
"hhid","10203",1
"hhid","10204",1
"hhid","10205",1
"hhid","10206",1
"hhid","10207",1
"hhid","10208",1
"hhid","10209",1
"hhid","10210",1
"hhid","10211",1
"hhid","10212",1
"hhid","10301",1
"hhid","10302",1
"hhid","10303",1
"hhid","10304",1
"hhid","10305",1
"hhid","10306",1
"hhid","10308",1
"hhid","10309",1
"hhid","10310",1
"hhid","10311",1
"hhid","10312",1
"hhid","10313",1
"hhid","10401",1
"hhid","10402",1
"hhid","10403",1
"hhid","10405",1
"hhid","10406",1
"hhid","10407",1
"hhid","10408",1
"hhid","10409",1
"hhid","10410",1
"hhid","10411",1
"hhid","10413",1
"hhid","10414",1
"hhid","10501",1
"hhid","10502",1
"hhid","10503",1
"hhid","10504",1
"hhid","10507",1
"hhid","10508",1
"hhid","10509",1
"hhid","10510",1
"hhid","10511",1
"hhid","10512",1
"hhid","10513",1
"hhid","10514",1
"hhid","10601",1
"hhid","10602",1
"hhid","10603",1
"hhid","10604",1
"hhid","10605",1
"hhid","10606",1
"hhid","10607",1
"hhid","10608",1
"hhid","10609",1
"hhid","10610",1
"hhid","10611",1
"hhid","10612",1
"hhid","10701",1
"hhid","10702",1
"hhid","10703",1
"hhid","10704",1
"hhid","10705",1
"hhid","10706",1
"hhid","10707",1
"hhid","10708",1
"hhid","10709",1
"hhid","10710",1
"hhid","10711",1
"hhid","10712",1
"hhid","10801",1
"hhid","10802",1
"hhid","10803",1
"hhid","10805",1
"hhid","10806",1
"hhid","10807",1
"hhid","10808",1
"hhid","10809",1
"hhid","10810",1
"hhid","10811",1
"hhid","10812",1
"hhid","10813",1
"hhid","10901",1
"hhid","10902",1
"hhid","10904",1
"hhid","10907",1
"hhid","10908",1
"hhid","10909",1
"hhid","10910",1
"hhid","10911",1
"hhid","10913",1
"hhid","10914",1
"hhid","10915",1
"hhid","10916",1
"hhid","11001",1
"hhid","11002",1
"hhid","11003",1
"hhid","11004",1
"hhid","11006",1
"hhid","11007",1
"hhid","11008",1
"hhid","11012",1
"hhid","11013",1
"hhid","11014",1
"hhid","11015",1
"hhid","11016",1
"hhid","1103",1
"hhid","1104",1
"hhid","1105",1
"hhid","1106",1
"hhid","1107",1
"hhid","1108",1
"hhid","1110",1
"hhid","11101",1
"hhid","11102",1
"hhid","11103",1
"hhid","11104",1
"hhid","11105",1
"hhid","11106",1
"hhid","11107",1
"hhid","11108",1
"hhid","11109",1
"hhid","11110",1
"hhid","11111",1
"hhid","11112",1
"hhid","1112",1
"hhid","1113",1
"hhid","1114",1
"hhid","1115",1
"hhid","11201",1
"hhid","11203",1
"hhid","11204",1
"hhid","11205",1
"hhid","11206",1
"hhid","11207",1
"hhid","11208",1
"hhid","11209",1
"hhid","11210",1
"hhid","11211",1
"hhid","11213",1
"hhid","11214",1
"hhid","11301",1
"hhid","11302",1
"hhid","11303",1
"hhid","11304",1
"hhid","11305",1
"hhid","11306",1
"hhid","11307",1
"hhid","11308",1
"hhid","11309",1
"hhid","11310",1
"hhid","11311",1
"hhid","11312",1
"hhid","11401",1
"hhid","11403",1
"hhid","11405",1
"hhid","11406",1
"hhid","11407",1
"hhid","11408",1
"hhid","11409",1
"hhid","11410",1
"hhid","11411",1
"hhid","11413",1
"hhid","11414",1
"hhid","11415",1
"hhid","11501",1
"hhid","11502",1
"hhid","11503",1
"hhid","11504",1
"hhid","11505",1
"hhid","11506",1
"hhid","11507",1
"hhid","11509",1
"hhid","11510",1
"hhid","11511",1
"hhid","11512",1
"hhid","11513",1
"hhid","11601",1
"hhid","11602",1
"hhid","11603",1
"hhid","11604",1
"hhid","11605",1
"hhid","11606",1
"hhid","11607",1
"hhid","11608",1
"hhid","11611",1
"hhid","11612",1
"hhid","11613",1
"hhid","11614",1
"hhid","11701",1
"hhid","11702",1
"hhid","11703",1
"hhid","11704",1
"hhid","11705",1
"hhid","11706",1
"hhid","11707",1
"hhid","11708",1
"hhid","11709",1
"hhid","11710",1
"hhid","11711",1
"hhid","11712",1
"hhid","11801",1
"hhid","11802",1
"hhid","11804",1
"hhid","11806",1
"hhid","11808",1
"hhid","11809",1
"hhid","11810",1
"hhid","11811",1
"hhid","11813",1
"hhid","11814",1
"hhid","11815",1
"hhid","11816",1
"hhid","11901",1
"hhid","11902",1
"hhid","11903",1
"hhid","11904",1
"hhid","11905",1
"hhid","11906",1
"hhid","11907",1
"hhid","11908",1
"hhid","11909",1
"hhid","11910",1
"hhid","11911",1
"hhid","11912",1
"hhid","12002",1
"hhid","12003",1
"hhid","12004",1
"hhid","12005",1
"hhid","12006",1
"hhid","12007",1
"hhid","12008",1
"hhid","1201",1
"hhid","12010",1
"hhid","12011",1
"hhid","12013",1
"hhid","12014",1
"hhid","12015",1
"hhid","1202",1
"hhid","1203",1
"hhid","1205",1
"hhid","1206",1
"hhid","1207",1
"hhid","1208",1
"hhid","1209",1
"hhid","12101",1
"hhid","12102",1
"hhid","12103",1
"hhid","12104",1
"hhid","12105",1
"hhid","12106",1
"hhid","12107",1
"hhid","12108",1
"hhid","12109",1
"hhid","1211",1
"hhid","12110",1
"hhid","12111",1
"hhid","12112",1
"hhid","1213",1
"hhid","1214",1
"hhid","1215",1
"hhid","12201",1
"hhid","12202",1
"hhid","12205",1
"hhid","12206",1
"hhid","12207",1
"hhid","12208",1
"hhid","12210",1
"hhid","12211",1
"hhid","12212",1
"hhid","12213",1
"hhid","12214",1
"hhid","12215",1
"hhid","12301",1
"hhid","12302",1
"hhid","12303",1
"hhid","12304",1
"hhid","12305",1
"hhid","12306",1
"hhid","12307",1
"hhid","12308",1
"hhid","12309",1
"hhid","12310",1
"hhid","12311",1
"hhid","12312",1
"hhid","12401",1
"hhid","12402",1
"hhid","12403",1
"hhid","12404",1
"hhid","12405",1
"hhid","12406",1
"hhid","12407",1
"hhid","12408",1
"hhid","12409",1
"hhid","12410",1
"hhid","12411",1
"hhid","12412",1
"hhid","12502",1
"hhid","12503",1
"hhid","12504",1
"hhid","12505",1
"hhid","12506",1
"hhid","12507",1
"hhid","12508",1
"hhid","12509",1
"hhid","12510",1
"hhid","12512",1
"hhid","12513",1
"hhid","12514",1
"hhid","12601",1
"hhid","12602",1
"hhid","12603",1
"hhid","12604",1
"hhid","12606",1
"hhid","12607",1
"hhid","12608",1
"hhid","12609",1
"hhid","12610",1
"hhid","12611",1
"hhid","12612",1
"hhid","12613",1
"hhid","12701",1
"hhid","12702",1
"hhid","12703",1
"hhid","12704",1
"hhid","12705",1
"hhid","12706",1
"hhid","12707",1
"hhid","12708",1
"hhid","12709",1
"hhid","12710",1
"hhid","12711",1
"hhid","12712",1
"hhid","12802",1
"hhid","12803",1
"hhid","12804",1
"hhid","12805",1
"hhid","12806",1
"hhid","12807",1
"hhid","12808",1
"hhid","12809",1
"hhid","12810",1
"hhid","12811",1
"hhid","12813",1
"hhid","12814",1
"hhid","12901",1
"hhid","12902",1
"hhid","12903",1
"hhid","12904",1
"hhid","12905",1
"hhid","12906",1
"hhid","12907",1
"hhid","12908",1
"hhid","12909",1
"hhid","12910",1
"hhid","12911",1
"hhid","12912",1
"hhid","13001",1
"hhid","13002",1
"hhid","13003",1
"hhid","13004",1
"hhid","13005",1
"hhid","13006",1
"hhid","13007",1
"hhid","13008",1
"hhid","13009",1
"hhid","1301",1
"hhid","13010",1
"hhid","13011",1
"hhid","13012",1
"hhid","1303",1
"hhid","1306",1
"hhid","1307",1
"hhid","1308",1
"hhid","1310",1
"hhid","13101",1
"hhid","13102",1
"hhid","13103",1
"hhid","13104",1
"hhid","13105",1
"hhid","13107",1
"hhid","13108",1
"hhid","13109",1
"hhid","1311",1
"hhid","13110",1
"hhid","13111",1
"hhid","13112",1
"hhid","13113",1
"hhid","1312",1
"hhid","1313",1
"hhid","1314",1
"hhid","1315",1
"hhid","1316",1
"hhid","13201",1
"hhid","13202",1
"hhid","13203",1
"hhid","13204",1
"hhid","13205",1
"hhid","13206",1
"hhid","13207",1
"hhid","13208",1
"hhid","13209",1
"hhid","13210",1
"hhid","13211",1
"hhid","13212",1
"hhid","13301",1
"hhid","13302",1
"hhid","13303",1
"hhid","13304",1
"hhid","13305",1
"hhid","13306",1
"hhid","13307",1
"hhid","13308",1
"hhid","13309",1
"hhid","13310",1
"hhid","13311",1
"hhid","13312",1
"hhid","13401",1
"hhid","13402",1
"hhid","13403",1
"hhid","13404",1
"hhid","13405",1
"hhid","13406",1
"hhid","13407",1
"hhid","13408",1
"hhid","13409",1
"hhid","13410",1
"hhid","13411",1
"hhid","13412",1
"hhid","13501",1
"hhid","13502",1
"hhid","13503",1
"hhid","13504",1
"hhid","13505",1
"hhid","13506",1
"hhid","13507",1
"hhid","13508",1
"hhid","13509",1
"hhid","13510",1
"hhid","13511",1
"hhid","13512",1
"hhid","13601",1
"hhid","13602",1
"hhid","13603",1
"hhid","13604",1
"hhid","13605",1
"hhid","13606",1
"hhid","13607",1
"hhid","13608",1
"hhid","13609",1
"hhid","13610",1
"hhid","13611",1
"hhid","13612",1
"hhid","13701",1
"hhid","13702",1
"hhid","13703",1
"hhid","13704",1
"hhid","13705",1
"hhid","13706",1
"hhid","13707",1
"hhid","13708",1
"hhid","13710",1
"hhid","13711",1
"hhid","13712",1
"hhid","13713",1
"hhid","13801",1
"hhid","13802",1
"hhid","13803",1
"hhid","13804",1
"hhid","13805",1
"hhid","13806",1
"hhid","13807",1
"hhid","13808",1
"hhid","13809",1
"hhid","13810",1
"hhid","13811",1
"hhid","13812",1
"hhid","13901",1
"hhid","13902",1
"hhid","13903",1
"hhid","13904",1
"hhid","13905",1
"hhid","13907",1
"hhid","13908",1
"hhid","13909",1
"hhid","13910",1
"hhid","13911",1
"hhid","13912",1
"hhid","13913",1
"hhid","14001",1
"hhid","14002",1
"hhid","14003",1
"hhid","14004",1
"hhid","14005",1
"hhid","14006",1
"hhid","14007",1
"hhid","14008",1
"hhid","14009",1
"hhid","1401",1
"hhid","14010",1
"hhid","14011",1
"hhid","14012",1
"hhid","1402",1
"hhid","1403",1
"hhid","1404",1
"hhid","1405",1
"hhid","1406",1
"hhid","1407",1
"hhid","1408",1
"hhid","1409",1
"hhid","1410",1
"hhid","14101",1
"hhid","14103",1
"hhid","14104",1
"hhid","14105",1
"hhid","14106",1
"hhid","14107",1
"hhid","14108",1
"hhid","14109",1
"hhid","1411",1
"hhid","14110",1
"hhid","14111",1
"hhid","14112",1
"hhid","14113",1
"hhid","1412",1
"hhid","14201",1
"hhid","14202",1
"hhid","14203",1
"hhid","14204",1
"hhid","14205",1
"hhid","14206",1
"hhid","14207",1
"hhid","14208",1
"hhid","14209",1
"hhid","14210",1
"hhid","14211",1
"hhid","14212",1
"hhid","14302",1
"hhid","14303",1
"hhid","14304",1
"hhid","14305",1
"hhid","14306",1
"hhid","14307",1
"hhid","14308",1
"hhid","14309",1
"hhid","14310",1
"hhid","14311",1
"hhid","14313",1
"hhid","14314",1
"hhid","14401",1
"hhid","14402",1
"hhid","14404",1
"hhid","14405",1
"hhid","14406",1
"hhid","14407",1
"hhid","14408",1
"hhid","14409",1
"hhid","14410",1
"hhid","14411",1
"hhid","14413",1
"hhid","14414",1
"hhid","14501",1
"hhid","14502",1
"hhid","14503",1
"hhid","14504",1
"hhid","14505",1
"hhid","14506",1
"hhid","14507",1
"hhid","14508",1
"hhid","14509",1
"hhid","14510",1
"hhid","14511",1
"hhid","14512",1
"hhid","14601",1
"hhid","14602",1
"hhid","14603",1
"hhid","14604",1
"hhid","14605",1
"hhid","14606",1
"hhid","14607",1
"hhid","14608",1
"hhid","14609",1
"hhid","14610",1
"hhid","14611",1
"hhid","14612",1
"hhid","14701",1
"hhid","14702",1
"hhid","14703",1
"hhid","14704",1
"hhid","14705",1
"hhid","14706",1
"hhid","14707",1
"hhid","14708",1
"hhid","14709",1
"hhid","14710",1
"hhid","14711",1
"hhid","14712",1
"hhid","14801",1
"hhid","14802",1
"hhid","14803",1
"hhid","14805",1
"hhid","14806",1
"hhid","14807",1
"hhid","14808",1
"hhid","14809",1
"hhid","14810",1
"hhid","14811",1
"hhid","14813",1
"hhid","14814",1
"hhid","14901",1
"hhid","14902",1
"hhid","14903",1
"hhid","14904",1
"hhid","14905",1
"hhid","14906",1
"hhid","14907",1
"hhid","14908",1
"hhid","14909",1
"hhid","14910",1
"hhid","14911",1
"hhid","14912",1
"hhid","15001",1
"hhid","15002",1
"hhid","15003",1
"hhid","15004",1
"hhid","15005",1
"hhid","15007",1
"hhid","15008",1
"hhid","15009",1
"hhid","1501",1
"hhid","15010",1
"hhid","15011",1
"hhid","15012",1
"hhid","15013",1
"hhid","1502",1
"hhid","1503",1
"hhid","1505",1
"hhid","1506",1
"hhid","1507",1
"hhid","1508",1
"hhid","1509",1
"hhid","15101",1
"hhid","15102",1
"hhid","15103",1
"hhid","15104",1
"hhid","15105",1
"hhid","15106",1
"hhid","15107",1
"hhid","15108",1
"hhid","15109",1
"hhid","15110",1
"hhid","15111",1
"hhid","15112",1
"hhid","1512",1
"hhid","1513",1
"hhid","1514",1
"hhid","1515",1
"hhid","15201",1
"hhid","15202",1
"hhid","15203",1
"hhid","15204",1
"hhid","15205",1
"hhid","15206",1
"hhid","15207",1
"hhid","15208",1
"hhid","15210",1
"hhid","15211",1
"hhid","15212",1
"hhid","15213",1
"hhid","15301",1
"hhid","15302",1
"hhid","15304",1
"hhid","15305",1
"hhid","15306",1
"hhid","15307",1
"hhid","15308",1
"hhid","15309",1
"hhid","15310",1
"hhid","15311",1
"hhid","15312",1
"hhid","15313",1
"hhid","15401",1
"hhid","15403",1
"hhid","15404",1
"hhid","15405",1
"hhid","15406",1
"hhid","15407",1
"hhid","15408",1
"hhid","15409",1
"hhid","15410",1
"hhid","15411",1
"hhid","15412",1
"hhid","15413",1
"hhid","15501",1
"hhid","15502",1
"hhid","15503",1
"hhid","15504",1
"hhid","15505",1
"hhid","15506",1
"hhid","15507",1
"hhid","15508",1
"hhid","15509",1
"hhid","15510",1
"hhid","15511",1
"hhid","15512",1
"hhid","15601",1
"hhid","15602",1
"hhid","15603",1
"hhid","15604",1
"hhid","15605",1
"hhid","15606",1
"hhid","15607",1
"hhid","15608",1
"hhid","15609",1
"hhid","15610",1
"hhid","15611",1
"hhid","15612",1
"hhid","15701",1
"hhid","15703",1
"hhid","15704",1
"hhid","15705",1
"hhid","15706",1
"hhid","15707",1
"hhid","15708",1
"hhid","15710",1
"hhid","15711",1
"hhid","15712",1
"hhid","15713",1
"hhid","15714",1
"hhid","15801",1
"hhid","15802",1
"hhid","15803",1
"hhid","15804",1
"hhid","15805",1
"hhid","15806",1
"hhid","15807",1
"hhid","15808",1
"hhid","15809",1
"hhid","15810",1
"hhid","15811",1
"hhid","15812",1
"hhid","15901",1
"hhid","15902",1
"hhid","15903",1
"hhid","15904",1
"hhid","15905",1
"hhid","15906",1
"hhid","15907",1
"hhid","15908",1
"hhid","15909",1
"hhid","15910",1
"hhid","15911",1
"hhid","15912",1
"hhid","16002",1
"hhid","16003",1
"hhid","16004",1
"hhid","16005",1
"hhid","16006",1
"hhid","16007",1
"hhid","16008",1
"hhid","1601",1
"hhid","16010",1
"hhid","16011",1
"hhid","16012",1
"hhid","16013",1
"hhid","16014",1
"hhid","1602",1
"hhid","1603",1
"hhid","1604",1
"hhid","1605",1
"hhid","1606",1
"hhid","1607",1
"hhid","1608",1
"hhid","1609",1
"hhid","1610",1
"hhid","16101",1
"hhid","16103",1
"hhid","16104",1
"hhid","16105",1
"hhid","16106",1
"hhid","16107",1
"hhid","16108",1
"hhid","16109",1
"hhid","1611",1
"hhid","16110",1
"hhid","16111",1
"hhid","16112",1
"hhid","16113",1
"hhid","1612",1
"hhid","16201",1
"hhid","16202",1
"hhid","16203",1
"hhid","16204",1
"hhid","16205",1
"hhid","16206",1
"hhid","16207",1
"hhid","16208",1
"hhid","16209",1
"hhid","16210",1
"hhid","16211",1
"hhid","16212",1
"hhid","16301",1
"hhid","16302",1
"hhid","16303",1
"hhid","16304",1
"hhid","16305",1
"hhid","16306",1
"hhid","16307",1
"hhid","16308",1
"hhid","16309",1
"hhid","16312",1
"hhid","16313",1
"hhid","16314",1
"hhid","16401",1
"hhid","16402",1
"hhid","16403",1
"hhid","16404",1
"hhid","16405",1
"hhid","16406",1
"hhid","16407",1
"hhid","16408",1
"hhid","16409",1
"hhid","16410",1
"hhid","16411",1
"hhid","16412",1
"hhid","16501",1
"hhid","16502",1
"hhid","16503",1
"hhid","16504",1
"hhid","16505",1
"hhid","16506",1
"hhid","16507",1
"hhid","16508",1
"hhid","16509",1
"hhid","16510",1
"hhid","16511",1
"hhid","16512",1
"hhid","16601",1
"hhid","16602",1
"hhid","16603",1
"hhid","16605",1
"hhid","16606",1
"hhid","16607",1
"hhid","16608",1
"hhid","16609",1
"hhid","16610",1
"hhid","16611",1
"hhid","16612",1
"hhid","16613",1
"hhid","16701",1
"hhid","16702",1
"hhid","16703",1
"hhid","16706",1
"hhid","16707",1
"hhid","16708",1
"hhid","16709",1
"hhid","16711",1
"hhid","16712",1
"hhid","16713",1
"hhid","16714",1
"hhid","16715",1
"hhid","16801",1
"hhid","16802",1
"hhid","16803",1
"hhid","16804",1
"hhid","16805",1
"hhid","16806",1
"hhid","16807",1
"hhid","16808",1
"hhid","16809",1
"hhid","16810",1
"hhid","16811",1
"hhid","16812",1
"hhid","16901",1
"hhid","16903",1
"hhid","16904",1
"hhid","16905",1
"hhid","16906",1
"hhid","16909",1
"hhid","16910",1
"hhid","16911",1
"hhid","16912",1
"hhid","16913",1
"hhid","16914",1
"hhid","16915",1
"hhid","17001",1
"hhid","17002",1
"hhid","17003",1
"hhid","17004",1
"hhid","17005",1
"hhid","17006",1
"hhid","17007",1
"hhid","17008",1
"hhid","17009",1
"hhid","1701",1
"hhid","17010",1
"hhid","17011",1
"hhid","17012",1
"hhid","1702",1
"hhid","1704",1
"hhid","1705",1
"hhid","1706",1
"hhid","1707",1
"hhid","1708",1
"hhid","1710",1
"hhid","17101",1
"hhid","17102",1
"hhid","17103",1
"hhid","17104",1
"hhid","17105",1
"hhid","17106",1
"hhid","17107",1
"hhid","17108",1
"hhid","17109",1
"hhid","17110",1
"hhid","17111",1
"hhid","17113",1
"hhid","1712",1
"hhid","1713",1
"hhid","1714",1
"hhid","1715",1
"hhid","17201",1
"hhid","17202",1
"hhid","17203",1
"hhid","17204",1
"hhid","17205",1
"hhid","17206",1
"hhid","17207",1
"hhid","17208",1
"hhid","17209",1
"hhid","17210",1
"hhid","17211",1
"hhid","17212",1
"hhid","17301",1
"hhid","17303",1
"hhid","17304",1
"hhid","17305",1
"hhid","17306",1
"hhid","17309",1
"hhid","17310",1
"hhid","17311",1
"hhid","17312",1
"hhid","17313",1
"hhid","17314",1
"hhid","17315",1
"hhid","17401",1
"hhid","17402",1
"hhid","17403",1
"hhid","17404",1
"hhid","17405",1
"hhid","17406",1
"hhid","17407",1
"hhid","17408",1
"hhid","17409",1
"hhid","17410",1
"hhid","17411",1
"hhid","17412",1
"hhid","17501",1
"hhid","17502",1
"hhid","17503",1
"hhid","17504",1
"hhid","17505",1
"hhid","17506",1
"hhid","17507",1
"hhid","17508",1
"hhid","17509",1
"hhid","17510",1
"hhid","17511",1
"hhid","17512",1
"hhid","17601",1
"hhid","17602",1
"hhid","17603",1
"hhid","17604",1
"hhid","17605",1
"hhid","17606",1
"hhid","17607",1
"hhid","17608",1
"hhid","17609",1
"hhid","17610",1
"hhid","17611",1
"hhid","17612",1
"hhid","17701",1
"hhid","17702",1
"hhid","17703",1
"hhid","17704",1
"hhid","17705",1
"hhid","17706",1
"hhid","17707",1
"hhid","17708",1
"hhid","17709",1
"hhid","17710",1
"hhid","17711",1
"hhid","17713",1
"hhid","17801",1
"hhid","17802",1
"hhid","17803",1
"hhid","17804",1
"hhid","17805",1
"hhid","17806",1
"hhid","17807",1
"hhid","17808",1
"hhid","17809",1
"hhid","17810",1
"hhid","17811",1
"hhid","17812",1
"hhid","17901",1
"hhid","17902",1
"hhid","17903",1
"hhid","17904",1
"hhid","17905",1
"hhid","17906",1
"hhid","17907",1
"hhid","17908",1
"hhid","17909",1
"hhid","17910",1
"hhid","17911",1
"hhid","17912",1
"hhid","18001",1
"hhid","18002",1
"hhid","18003",1
"hhid","18004",1
"hhid","18005",1
"hhid","18006",1
"hhid","18007",1
"hhid","18008",1
"hhid","18009",1
"hhid","1801",1
"hhid","18010",1
"hhid","18011",1
"hhid","18012",1
"hhid","1802",1
"hhid","1803",1
"hhid","1804",1
"hhid","1805",1
"hhid","1806",1
"hhid","1807",1
"hhid","1808",1
"hhid","1809",1
"hhid","1810",1
"hhid","18101",1
"hhid","18102",1
"hhid","18103",1
"hhid","18104",1
"hhid","18105",1
"hhid","18106",1
"hhid","18107",1
"hhid","18108",1
"hhid","1811",1
"hhid","18110",1
"hhid","18111",1
"hhid","18112",1
"hhid","18113",1
"hhid","1812",1
"hhid","18201",1
"hhid","18202",1
"hhid","18203",1
"hhid","18204",1
"hhid","18205",1
"hhid","18206",1
"hhid","18207",1
"hhid","18208",1
"hhid","18209",1
"hhid","18210",1
"hhid","18211",1
"hhid","18212",1
"hhid","18301",1
"hhid","18302",1
"hhid","18303",1
"hhid","18304",1
"hhid","18305",1
"hhid","18306",1
"hhid","18307",1
"hhid","18308",1
"hhid","18309",1
"hhid","18310",1
"hhid","18311",1
"hhid","18312",1
"hhid","18401",1
"hhid","18402",1
"hhid","18403",1
"hhid","18404",1
"hhid","18405",1
"hhid","18406",1
"hhid","18407",1
"hhid","18408",1
"hhid","18409",1
"hhid","18410",1
"hhid","18411",1
"hhid","18412",1
"hhid","18501",1
"hhid","18502",1
"hhid","18503",1
"hhid","18504",1
"hhid","18505",1
"hhid","18506",1
"hhid","18507",1
"hhid","18508",1
"hhid","18509",1
"hhid","18510",1
"hhid","18511",1
"hhid","18512",1
"hhid","18601",1
"hhid","18602",1
"hhid","18603",1
"hhid","18604",1
"hhid","18605",1
"hhid","18606",1
"hhid","18607",1
"hhid","18609",1
"hhid","18610",1
"hhid","18611",1
"hhid","18612",1
"hhid","18613",1
"hhid","18701",1
"hhid","18702",1
"hhid","18703",1
"hhid","18704",1
"hhid","18705",1
"hhid","18706",1
"hhid","18707",1
"hhid","18708",1
"hhid","18709",1
"hhid","18710",1
"hhid","18711",1
"hhid","18712",1
"hhid","18801",1
"hhid","18802",1
"hhid","18803",1
"hhid","18804",1
"hhid","18805",1
"hhid","18806",1
"hhid","18807",1
"hhid","18808",1
"hhid","18809",1
"hhid","18810",1
"hhid","18811",1
"hhid","18812",1
"hhid","18901",1
"hhid","18902",1
"hhid","18903",1
"hhid","18904",1
"hhid","18905",1
"hhid","18906",1
"hhid","18907",1
"hhid","18908",1
"hhid","18909",1
"hhid","18910",1
"hhid","18911",1
"hhid","18912",1
"hhid","19001",1
"hhid","19002",1
"hhid","19003",1
"hhid","19004",1
"hhid","19005",1
"hhid","19006",1
"hhid","19007",1
"hhid","19008",1
"hhid","19009",1
"hhid","1901",1
"hhid","19010",1
"hhid","19011",1
"hhid","19012",1
"hhid","1902",1
"hhid","1904",1
"hhid","1907",1
"hhid","1908",1
"hhid","1910",1
"hhid","19101",1
"hhid","19102",1
"hhid","19103",1
"hhid","19104",1
"hhid","19105",1
"hhid","19106",1
"hhid","19107",1
"hhid","19108",1
"hhid","19109",1
"hhid","19110",1
"hhid","19111",1
"hhid","19112",1
"hhid","1912",1
"hhid","1913",1
"hhid","1914",1
"hhid","1915",1
"hhid","1916",1
"hhid","1917",1
"hhid","19201",1
"hhid","19202",1
"hhid","19203",1
"hhid","19205",1
"hhid","19206",1
"hhid","19207",1
"hhid","19208",1
"hhid","19209",1
"hhid","19210",1
"hhid","19211",1
"hhid","19212",1
"hhid","19213",1
"hhid","19301",1
"hhid","19302",1
"hhid","19303",1
"hhid","19304",1
"hhid","19305",1
"hhid","19306",1
"hhid","19307",1
"hhid","19308",1
"hhid","19309",1
"hhid","19310",1
"hhid","19311",1
"hhid","19313",1
"hhid","19401",1
"hhid","19402",1
"hhid","19404",1
"hhid","19405",1
"hhid","19406",1
"hhid","19407",1
"hhid","19408",1
"hhid","19411",1
"hhid","19412",1
"hhid","19413",1
"hhid","19414",1
"hhid","19415",1
"hhid","19501",1
"hhid","19502",1
"hhid","19503",1
"hhid","19504",1
"hhid","19505",1
"hhid","19506",1
"hhid","19507",1
"hhid","19508",1
"hhid","19509",1
"hhid","19510",1
"hhid","19511",1
"hhid","19512",1
"hhid","19601",1
"hhid","19602",1
"hhid","19603",1
"hhid","19604",1
"hhid","19605",1
"hhid","19606",1
"hhid","19607",1
"hhid","19608",1
"hhid","19609",1
"hhid","19610",1
"hhid","19611",1
"hhid","19612",1
"hhid","19701",1
"hhid","19702",1
"hhid","19703",1
"hhid","19704",1
"hhid","19705",1
"hhid","19706",1
"hhid","19707",1
"hhid","19708",1
"hhid","19709",1
"hhid","19710",1
"hhid","19711",1
"hhid","19712",1
"hhid","19801",1
"hhid","19802",1
"hhid","19803",1
"hhid","19804",1
"hhid","19805",1
"hhid","19806",1
"hhid","19807",1
"hhid","19808",1
"hhid","19809",1
"hhid","19810",1
"hhid","19811",1
"hhid","19812",1
"hhid","19901",1
"hhid","19902",1
"hhid","19903",1
"hhid","19904",1
"hhid","19905",1
"hhid","19906",1
"hhid","19908",1
"hhid","19909",1
"hhid","19910",1
"hhid","19911",1
"hhid","19912",1
"hhid","19913",1
"hhid","20001",1
"hhid","20002",1
"hhid","20003",1
"hhid","20004",1
"hhid","20006",1
"hhid","20007",1
"hhid","20008",1
"hhid","20009",1
"hhid","2001",1
"hhid","20010",1
"hhid","20011",1
"hhid","20012",1
"hhid","20013",1
"hhid","2003",1
"hhid","2004",1
"hhid","2006",1
"hhid","2007",1
"hhid","2008",1
"hhid","2009",1
"hhid","201",1
"hhid","2010",1
"hhid","20101",1
"hhid","20102",1
"hhid","20103",1
"hhid","20104",1
"hhid","20105",1
"hhid","20107",1
"hhid","20108",1
"hhid","20109",1
"hhid","2011",1
"hhid","20110",1
"hhid","20111",1
"hhid","20112",1
"hhid","20113",1
"hhid","2012",1
"hhid","2013",1
"hhid","2014",1
"hhid","20201",1
"hhid","20202",1
"hhid","20203",1
"hhid","20204",1
"hhid","20205",1
"hhid","20206",1
"hhid","20207",1
"hhid","20208",1
"hhid","20209",1
"hhid","20210",1
"hhid","20211",1
"hhid","20212",1
"hhid","203",1
"hhid","20301",1
"hhid","20302",1
"hhid","20303",1
"hhid","20304",1
"hhid","20306",1
"hhid","20307",1
"hhid","20308",1
"hhid","20309",1
"hhid","20310",1
"hhid","20311",1
"hhid","20312",1
"hhid","20313",1
"hhid","204",1
"hhid","20401",1
"hhid","20404",1
"hhid","20405",1
"hhid","20406",1
"hhid","20407",1
"hhid","20409",1
"hhid","20410",1
"hhid","20411",1
"hhid","20413",1
"hhid","20414",1
"hhid","20415",1
"hhid","20416",1
"hhid","205",1
"hhid","20501",1
"hhid","20502",1
"hhid","20503",1
"hhid","20504",1
"hhid","20505",1
"hhid","20506",1
"hhid","20507",1
"hhid","20508",1
"hhid","20509",1
"hhid","20510",1
"hhid","20511",1
"hhid","20513",1
"hhid","206",1
"hhid","20601",1
"hhid","20602",1
"hhid","20603",1
"hhid","20604",1
"hhid","20606",1
"hhid","20607",1
"hhid","20609",1
"hhid","20610",1
"hhid","20611",1
"hhid","20612",1
"hhid","20613",1
"hhid","20614",1
"hhid","207",1
"hhid","20701",1
"hhid","20704",1
"hhid","20705",1
"hhid","20706",1
"hhid","20707",1
"hhid","20708",1
"hhid","20709",1
"hhid","20710",1
"hhid","20711",1
"hhid","20712",1
"hhid","20713",1
"hhid","20714",1
"hhid","208",1
"hhid","20801",1
"hhid","20802",1
"hhid","20803",1
"hhid","20804",1
"hhid","20805",1
"hhid","20806",1
"hhid","20807",1
"hhid","20808",1
"hhid","20809",1
"hhid","20810",1
"hhid","20811",1
"hhid","20812",1
"hhid","20901",1
"hhid","20902",1
"hhid","20903",1
"hhid","20904",1
"hhid","20905",1
"hhid","20906",1
"hhid","20907",1
"hhid","20908",1
"hhid","20909",1
"hhid","20910",1
"hhid","20911",1
"hhid","20912",1
"hhid","21001",1
"hhid","21002",1
"hhid","21003",1
"hhid","21004",1
"hhid","21005",1
"hhid","21006",1
"hhid","21007",1
"hhid","21008",1
"hhid","21009",1
"hhid","21011",1
"hhid","21012",1
"hhid","21013",1
"hhid","2102",1
"hhid","2106",1
"hhid","2107",1
"hhid","2108",1
"hhid","2110",1
"hhid","21101",1
"hhid","21102",1
"hhid","21103",1
"hhid","21104",1
"hhid","21105",1
"hhid","21106",1
"hhid","21107",1
"hhid","21108",1
"hhid","21109",1
"hhid","2111",1
"hhid","21110",1
"hhid","21111",1
"hhid","21112",1
"hhid","2113",1
"hhid","2114",1
"hhid","2115",1
"hhid","2116",1
"hhid","2117",1
"hhid","2118",1
"hhid","212",1
"hhid","21201",1
"hhid","21202",1
"hhid","21204",1
"hhid","21205",1
"hhid","21206",1
"hhid","21207",1
"hhid","21208",1
"hhid","21209",1
"hhid","21210",1
"hhid","21211",1
"hhid","21212",1
"hhid","21213",1
"hhid","213",1
"hhid","21301",1
"hhid","21302",1
"hhid","21303",1
"hhid","21304",1
"hhid","21305",1
"hhid","21306",1
"hhid","21307",1
"hhid","21308",1
"hhid","21309",1
"hhid","21310",1
"hhid","21311",1
"hhid","21312",1
"hhid","214",1
"hhid","21401",1
"hhid","21402",1
"hhid","21403",1
"hhid","21404",1
"hhid","21405",1
"hhid","21406",1
"hhid","21407",1
"hhid","21408",1
"hhid","21410",1
"hhid","21411",1
"hhid","21413",1
"hhid","215",1
"hhid","21501",1
"hhid","21502",1
"hhid","21503",1
"hhid","21504",1
"hhid","21505",1
"hhid","21506",1
"hhid","21508",1
"hhid","21509",1
"hhid","21510",1
"hhid","21511",1
"hhid","21512",1
"hhid","21513",1
"hhid","216",1
"hhid","21601",1
"hhid","21602",1
"hhid","21603",1
"hhid","21605",1
"hhid","21606",1
"hhid","21607",1
"hhid","21608",1
"hhid","21609",1
"hhid","21610",1
"hhid","21611",1
"hhid","21612",1
"hhid","21613",1
"hhid","21701",1
"hhid","21703",1
"hhid","21704",1
"hhid","21705",1
"hhid","21707",1
"hhid","21708",1
"hhid","21709",1
"hhid","21710",1
"hhid","21711",1
"hhid","21712",1
"hhid","21713",1
"hhid","21714",1
"hhid","21801",1
"hhid","21802",1
"hhid","21803",1
"hhid","21804",1
"hhid","21805",1
"hhid","21806",1
"hhid","21807",1
"hhid","21808",1
"hhid","21809",1
"hhid","21810",1
"hhid","21811",1
"hhid","21812",1
"hhid","21901",1
"hhid","21903",1
"hhid","21904",1
"hhid","21905",1
"hhid","21906",1
"hhid","21907",1
"hhid","21908",1
"hhid","21909",1
"hhid","21910",1
"hhid","21912",1
"hhid","21913",1
"hhid","21914",1
"hhid","22001",1
"hhid","22002",1
"hhid","22003",1
"hhid","22004",1
"hhid","22005",1
"hhid","22006",1
"hhid","22007",1
"hhid","22008",1
"hhid","22009",1
"hhid","2201",1
"hhid","22010",1
"hhid","22011",1
"hhid","22012",1
"hhid","2202",1
"hhid","2205",1
"hhid","2206",1
"hhid","2207",1
"hhid","2208",1
"hhid","2209",1
"hhid","2210",1
"hhid","22102",1
"hhid","22103",1
"hhid","22104",1
"hhid","22105",1
"hhid","22106",1
"hhid","22107",1
"hhid","22108",1
"hhid","22109",1
"hhid","2211",1
"hhid","22111",1
"hhid","22112",1
"hhid","22113",1
"hhid","22114",1
"hhid","2212",1
"hhid","2213",1
"hhid","2214",1
"hhid","22201",1
"hhid","22202",1
"hhid","22203",1
"hhid","22204",1
"hhid","22205",1
"hhid","22206",1
"hhid","22207",1
"hhid","22208",1
"hhid","22209",1
"hhid","22210",1
"hhid","22211",1
"hhid","22212",1
"hhid","22301",1
"hhid","22302",1
"hhid","22303",1
"hhid","22304",1
"hhid","22305",1
"hhid","22307",1
"hhid","22308",1
"hhid","22309",1
"hhid","22312",1
"hhid","22313",1
"hhid","22314",1
"hhid","22315",1
"hhid","22401",1
"hhid","22402",1
"hhid","22403",1
"hhid","22404",1
"hhid","22405",1
"hhid","22406",1
"hhid","22407",1
"hhid","22408",1
"hhid","22409",1
"hhid","22410",1
"hhid","22411",1
"hhid","22412",1
"hhid","22501",1
"hhid","22502",1
"hhid","22504",1
"hhid","22505",1
"hhid","22506",1
"hhid","22508",1
"hhid","22509",1
"hhid","22510",1
"hhid","22511",1
"hhid","22512",1
"hhid","22513",1
"hhid","22514",1
"hhid","22601",1
"hhid","22603",1
"hhid","22604",1
"hhid","22605",1
"hhid","22606",1
"hhid","22607",1
"hhid","22608",1
"hhid","22609",1
"hhid","22610",1
"hhid","22612",1
"hhid","22613",1
"hhid","22614",1
"hhid","22701",1
"hhid","22702",1
"hhid","22704",1
"hhid","22705",1
"hhid","22706",1
"hhid","22708",1
"hhid","22709",1
"hhid","22712",1
"hhid","22713",1
"hhid","22714",1
"hhid","22715",1
"hhid","22716",1
"hhid","22801",1
"hhid","22802",1
"hhid","22803",1
"hhid","22804",1
"hhid","22805",1
"hhid","22806",1
"hhid","22807",1
"hhid","22808",1
"hhid","22809",1
"hhid","22810",1
"hhid","22811",1
"hhid","22813",1
"hhid","22901",1
"hhid","22902",1
"hhid","22903",1
"hhid","22904",1
"hhid","22905",1
"hhid","22906",1
"hhid","22907",1
"hhid","22908",1
"hhid","22909",1
"hhid","22910",1
"hhid","22911",1
"hhid","22912",1
"hhid","23001",1
"hhid","23002",1
"hhid","23003",1
"hhid","23004",1
"hhid","23005",1
"hhid","23006",1
"hhid","23008",1
"hhid","23009",1
"hhid","2301",1
"hhid","23011",1
"hhid","23012",1
"hhid","23013",1
"hhid","23014",1
"hhid","2303",1
"hhid","2304",1
"hhid","2307",1
"hhid","2308",1
"hhid","2309",1
"hhid","23101",1
"hhid","23102",1
"hhid","23103",1
"hhid","23104",1
"hhid","23105",1
"hhid","23106",1
"hhid","23107",1
"hhid","23108",1
"hhid","23109",1
"hhid","2311",1
"hhid","23110",1
"hhid","23111",1
"hhid","23112",1
"hhid","2313",1
"hhid","2314",1
"hhid","2315",1
"hhid","2316",1
"hhid","2317",1
"hhid","23201",1
"hhid","23202",1
"hhid","23203",1
"hhid","23204",1
"hhid","23205",1
"hhid","23206",1
"hhid","23207",1
"hhid","23209",1
"hhid","23210",1
"hhid","23211",1
"hhid","23212",1
"hhid","23213",1
"hhid","23301",1
"hhid","23302",1
"hhid","23304",1
"hhid","23305",1
"hhid","23306",1
"hhid","23307",1
"hhid","23308",1
"hhid","23309",1
"hhid","23310",1
"hhid","23311",1
"hhid","23312",1
"hhid","23313",1
"hhid","23402",1
"hhid","23404",1
"hhid","23405",1
"hhid","23406",1
"hhid","23407",1
"hhid","23409",1
"hhid","23410",1
"hhid","23411",1
"hhid","23413",1
"hhid","23414",1
"hhid","23415",1
"hhid","23416",1
"hhid","23501",1
"hhid","23502",1
"hhid","23503",1
"hhid","23504",1
"hhid","23505",1
"hhid","23506",1
"hhid","23507",1
"hhid","23508",1
"hhid","23509",1
"hhid","23510",1
"hhid","23511",1
"hhid","23512",1
"hhid","23601",1
"hhid","23602",1
"hhid","23603",1
"hhid","23604",1
"hhid","23605",1
"hhid","23606",1
"hhid","23607",1
"hhid","23608",1
"hhid","23609",1
"hhid","23610",1
"hhid","23611",1
"hhid","23612",1
"hhid","23701",1
"hhid","23702",1
"hhid","23703",1
"hhid","23704",1
"hhid","23705",1
"hhid","23706",1
"hhid","23707",1
"hhid","23708",1
"hhid","23709",1
"hhid","23711",1
"hhid","23712",1
"hhid","23713",1
"hhid","23801",1
"hhid","23802",1
"hhid","23803",1
"hhid","23804",1
"hhid","23805",1
"hhid","23806",1
"hhid","23807",1
"hhid","23808",1
"hhid","23809",1
"hhid","23810",1
"hhid","23811",1
"hhid","23812",1
"hhid","23901",1
"hhid","23902",1
"hhid","23903",1
"hhid","23904",1
"hhid","23905",1
"hhid","23906",1
"hhid","23907",1
"hhid","23908",1
"hhid","23909",1
"hhid","23910",1
"hhid","23911",1
"hhid","23912",1
"hhid","24001",1
"hhid","24002",1
"hhid","24003",1
"hhid","24004",1
"hhid","24005",1
"hhid","24006",1
"hhid","24007",1
"hhid","24008",1
"hhid","24009",1
"hhid","24010",1
"hhid","24011",1
"hhid","24012",1
"hhid","2402",1
"hhid","2403",1
"hhid","2404",1
"hhid","2405",1
"hhid","2406",1
"hhid","2408",1
"hhid","2409",1
"hhid","24101",1
"hhid","24104",1
"hhid","24105",1
"hhid","24106",1
"hhid","24108",1
"hhid","24110",1
"hhid","24111",1
"hhid","24112",1
"hhid","24113",1
"hhid","24114",1
"hhid","24115",1
"hhid","24116",1
"hhid","2412",1
"hhid","2413",1
"hhid","2414",1
"hhid","2415",1
"hhid","2416",1
"hhid","24201",1
"hhid","24202",1
"hhid","24203",1
"hhid","24204",1
"hhid","24205",1
"hhid","24206",1
"hhid","24207",1
"hhid","24209",1
"hhid","24210",1
"hhid","24211",1
"hhid","24212",1
"hhid","24213",1
"hhid","24302",1
"hhid","24303",1
"hhid","24304",1
"hhid","24305",1
"hhid","24306",1
"hhid","24308",1
"hhid","24309",1
"hhid","24310",1
"hhid","24311",1
"hhid","24312",1
"hhid","24313",1
"hhid","24314",1
"hhid","24401",1
"hhid","24402",1
"hhid","24403",1
"hhid","24404",1
"hhid","24405",1
"hhid","24406",1
"hhid","24407",1
"hhid","24408",1
"hhid","24409",1
"hhid","24410",1
"hhid","24411",1
"hhid","24412",1
"hhid","24501",1
"hhid","24502",1
"hhid","24503",1
"hhid","24504",1
"hhid","24505",1
"hhid","24506",1
"hhid","24507",1
"hhid","24508",1
"hhid","24509",1
"hhid","24510",1
"hhid","24511",1
"hhid","24512",1
"hhid","24601",1
"hhid","24602",1
"hhid","24603",1
"hhid","24604",1
"hhid","24605",1
"hhid","24606",1
"hhid","24607",1
"hhid","24608",1
"hhid","24609",1
"hhid","24610",1
"hhid","24611",1
"hhid","24612",1
"hhid","24701",1
"hhid","24702",1
"hhid","24703",1
"hhid","24704",1
"hhid","24705",1
"hhid","24706",1
"hhid","24707",1
"hhid","24708",1
"hhid","24709",1
"hhid","24710",1
"hhid","24712",1
"hhid","24713",1
"hhid","24801",1
"hhid","24802",1
"hhid","24803",1
"hhid","24804",1
"hhid","24805",1
"hhid","24806",1
"hhid","24809",1
"hhid","24810",1
"hhid","24811",1
"hhid","24812",1
"hhid","24813",1
"hhid","24814",1
"hhid","24901",1
"hhid","24902",1
"hhid","24903",1
"hhid","24904",1
"hhid","24905",1
"hhid","24906",1
"hhid","24907",1
"hhid","24908",1
"hhid","24909",1
"hhid","24910",1
"hhid","24911",1
"hhid","24912",1
"hhid","25001",1
"hhid","25002",1
"hhid","25004",1
"hhid","25005",1
"hhid","25006",1
"hhid","25007",1
"hhid","25008",1
"hhid","25009",1
"hhid","25010",1
"hhid","25011",1
"hhid","25012",1
"hhid","25013",1
"hhid","2502",1
"hhid","2503",1
"hhid","2505",1
"hhid","2506",1
"hhid","2507",1
"hhid","2509",1
"hhid","2510",1
"hhid","25101",1
"hhid","25102",1
"hhid","25103",1
"hhid","25104",1
"hhid","25105",1
"hhid","25106",1
"hhid","25107",1
"hhid","25108",1
"hhid","25109",1
"hhid","2511",1
"hhid","25110",1
"hhid","25112",1
"hhid","25113",1
"hhid","2512",1
"hhid","2513",1
"hhid","2514",1
"hhid","2515",1
"hhid","25201",1
"hhid","25202",1
"hhid","25203",1
"hhid","25204",1
"hhid","25205",1
"hhid","25206",1
"hhid","25207",1
"hhid","25208",1
"hhid","25209",1
"hhid","25210",1
"hhid","25211",1
"hhid","25212",1
"hhid","25301",1
"hhid","25302",1
"hhid","25303",1
"hhid","25304",1
"hhid","25306",1
"hhid","25308",1
"hhid","25309",1
"hhid","25310",1
"hhid","25311",1
"hhid","25313",1
"hhid","25314",1
"hhid","25315",1
"hhid","25401",1
"hhid","25402",1
"hhid","25403",1
"hhid","25404",1
"hhid","25405",1
"hhid","25406",1
"hhid","25407",1
"hhid","25408",1
"hhid","25410",1
"hhid","25411",1
"hhid","25412",1
"hhid","25413",1
"hhid","25501",1
"hhid","25502",1
"hhid","25504",1
"hhid","25505",1
"hhid","25506",1
"hhid","25507",1
"hhid","25508",1
"hhid","25510",1
"hhid","25512",1
"hhid","25513",1
"hhid","25514",1
"hhid","25515",1
"hhid","25601",1
"hhid","25602",1
"hhid","25603",1
"hhid","25604",1
"hhid","25605",1
"hhid","25606",1
"hhid","25607",1
"hhid","25608",1
"hhid","25610",1
"hhid","25611",1
"hhid","25613",1
"hhid","25614",1
"hhid","25701",1
"hhid","25702",1
"hhid","25703",1
"hhid","25704",1
"hhid","25705",1
"hhid","25706",1
"hhid","25707",1
"hhid","25708",1
"hhid","25709",1
"hhid","25710",1
"hhid","25713",1
"hhid","25714",1
"hhid","25801",1
"hhid","25802",1
"hhid","25803",1
"hhid","25804",1
"hhid","25805",1
"hhid","25807",1
"hhid","25808",1
"hhid","25809",1
"hhid","25810",1
"hhid","25811",1
"hhid","25812",1
"hhid","25813",1
"hhid","25901",1
"hhid","25902",1
"hhid","25903",1
"hhid","25904",1
"hhid","25905",1
"hhid","25906",1
"hhid","25907",1
"hhid","25908",1
"hhid","25910",1
"hhid","25911",1
"hhid","25912",1
"hhid","25913",1
"hhid","26002",1
"hhid","26003",1
"hhid","26004",1
"hhid","26005",1
"hhid","26006",1
"hhid","26007",1
"hhid","26008",1
"hhid","26009",1
"hhid","2601",1
"hhid","26010",1
"hhid","26011",1
"hhid","26012",1
"hhid","26013",1
"hhid","2602",1
"hhid","2604",1
"hhid","2605",1
"hhid","2606",1
"hhid","2607",1
"hhid","26103",1
"hhid","26105",1
"hhid","26106",1
"hhid","26108",1
"hhid","26109",1
"hhid","26112",1
"hhid","26113",1
"hhid","26114",1
"hhid","26115",1
"hhid","26116",1
"hhid","2613",1
"hhid","2614",1
"hhid","2615",1
"hhid","2616",1
"hhid","2617",1
"hhid","2618",1
"hhid","26201",1
"hhid","26202",1
"hhid","26203",1
"hhid","26204",1
"hhid","26205",1
"hhid","26206",1
"hhid","26207",1
"hhid","26208",1
"hhid","26209",1
"hhid","26211",1
"hhid","26212",1
"hhid","26213",1
"hhid","26301",1
"hhid","26302",1
"hhid","26303",1
"hhid","26304",1
"hhid","26305",1
"hhid","26306",1
"hhid","26307",1
"hhid","26308",1
"hhid","26309",1
"hhid","26311",1
"hhid","26312",1
"hhid","26313",1
"hhid","26401",1
"hhid","26403",1
"hhid","26404",1
"hhid","26405",1
"hhid","26406",1
"hhid","26407",1
"hhid","26408",1
"hhid","26409",1
"hhid","26410",1
"hhid","26412",1
"hhid","26413",1
"hhid","26414",1
"hhid","26503",1
"hhid","26504",1
"hhid","26505",1
"hhid","26506",1
"hhid","26508",1
"hhid","26510",1
"hhid","26511",1
"hhid","26512",1
"hhid","26513",1
"hhid","26514",1
"hhid","26515",1
"hhid","26516",1
"hhid","26601",1
"hhid","26602",1
"hhid","26603",1
"hhid","26604",1
"hhid","26605",1
"hhid","26607",1
"hhid","26608",1
"hhid","26609",1
"hhid","26610",1
"hhid","26611",1
"hhid","26612",1
"hhid","26613",1
"hhid","26701",1
"hhid","26702",1
"hhid","26703",1
"hhid","26704",1
"hhid","26705",1
"hhid","26706",1
"hhid","26707",1
"hhid","26708",1
"hhid","26709",1
"hhid","26710",1
"hhid","26711",1
"hhid","26712",1
"hhid","26801",1
"hhid","26802",1
"hhid","26803",1
"hhid","26804",1
"hhid","26805",1
"hhid","26806",1
"hhid","26807",1
"hhid","26808",1
"hhid","26809",1
"hhid","26810",1
"hhid","26811",1
"hhid","26812",1
"hhid","26902",1
"hhid","26903",1
"hhid","26904",1
"hhid","26905",1
"hhid","26906",1
"hhid","26907",1
"hhid","26908",1
"hhid","26909",1
"hhid","26910",1
"hhid","26912",1
"hhid","26913",1
"hhid","26914",1
"hhid","27001",1
"hhid","27002",1
"hhid","27003",1
"hhid","27005",1
"hhid","27006",1
"hhid","27007",1
"hhid","27008",1
"hhid","27009",1
"hhid","27010",1
"hhid","27011",1
"hhid","27012",1
"hhid","27013",1
"hhid","2702",1
"hhid","2703",1
"hhid","2704",1
"hhid","2705",1
"hhid","2706",1
"hhid","2707",1
"hhid","2708",1
"hhid","2710",1
"hhid","27101",1
"hhid","27102",1
"hhid","27103",1
"hhid","27105",1
"hhid","27106",1
"hhid","27107",1
"hhid","27108",1
"hhid","27109",1
"hhid","2711",1
"hhid","27110",1
"hhid","27111",1
"hhid","27112",1
"hhid","27113",1
"hhid","2712",1
"hhid","2713",1
"hhid","2714",1
"hhid","27201",1
"hhid","27202",1
"hhid","27203",1
"hhid","27204",1
"hhid","27205",1
"hhid","27206",1
"hhid","27207",1
"hhid","27208",1
"hhid","27209",1
"hhid","27210",1
"hhid","27211",1
"hhid","27212",1
"hhid","27301",1
"hhid","27302",1
"hhid","27303",1
"hhid","27304",1
"hhid","27305",1
"hhid","27306",1
"hhid","27307",1
"hhid","27308",1
"hhid","27309",1
"hhid","27310",1
"hhid","27311",1
"hhid","27312",1
"hhid","27401",1
"hhid","27402",1
"hhid","27403",1
"hhid","27404",1
"hhid","27405",1
"hhid","27406",1
"hhid","27407",1
"hhid","27408",1
"hhid","27409",1
"hhid","27410",1
"hhid","27411",1
"hhid","27412",1
"hhid","27501",1
"hhid","27502",1
"hhid","27503",1
"hhid","27504",1
"hhid","27505",1
"hhid","27506",1
"hhid","27507",1
"hhid","27508",1
"hhid","27509",1
"hhid","27510",1
"hhid","27511",1
"hhid","27512",1
"hhid","27601",1
"hhid","27602",1
"hhid","27603",1
"hhid","27604",1
"hhid","27605",1
"hhid","27606",1
"hhid","27607",1
"hhid","27608",1
"hhid","27609",1
"hhid","27610",1
"hhid","27611",1
"hhid","27612",1
"hhid","27701",1
"hhid","27702",1
"hhid","27703",1
"hhid","27704",1
"hhid","27705",1
"hhid","27706",1
"hhid","27707",1
"hhid","27708",1
"hhid","27709",1
"hhid","27710",1
"hhid","27711",1
"hhid","27712",1
"hhid","27801",1
"hhid","27802",1
"hhid","27803",1
"hhid","27804",1
"hhid","27805",1
"hhid","27806",1
"hhid","27807",1
"hhid","27808",1
"hhid","27809",1
"hhid","27810",1
"hhid","27811",1
"hhid","27812",1
"hhid","27901",1
"hhid","27902",1
"hhid","27903",1
"hhid","27904",1
"hhid","27905",1
"hhid","27906",1
"hhid","27907",1
"hhid","27908",1
"hhid","27909",1
"hhid","27910",1
"hhid","27911",1
"hhid","27912",1
"hhid","28001",1
"hhid","28002",1
"hhid","28003",1
"hhid","28004",1
"hhid","28005",1
"hhid","28006",1
"hhid","28007",1
"hhid","28008",1
"hhid","28009",1
"hhid","2801",1
"hhid","28010",1
"hhid","28011",1
"hhid","28012",1
"hhid","2802",1
"hhid","2803",1
"hhid","2804",1
"hhid","2805",1
"hhid","2806",1
"hhid","2807",1
"hhid","2808",1
"hhid","2809",1
"hhid","2810",1
"hhid","28101",1
"hhid","28102",1
"hhid","28103",1
"hhid","28104",1
"hhid","28105",1
"hhid","28106",1
"hhid","28107",1
"hhid","28108",1
"hhid","28109",1
"hhid","2811",1
"hhid","28110",1
"hhid","28111",1
"hhid","28112",1
"hhid","2812",1
"hhid","28201",1
"hhid","28202",1
"hhid","28203",1
"hhid","28204",1
"hhid","28205",1
"hhid","28206",1
"hhid","28207",1
"hhid","28208",1
"hhid","28209",1
"hhid","28210",1
"hhid","28211",1
"hhid","28212",1
"hhid","28301",1
"hhid","28302",1
"hhid","28303",1
"hhid","28305",1
"hhid","28306",1
"hhid","28307",1
"hhid","28308",1
"hhid","28309",1
"hhid","28310",1
"hhid","28311",1
"hhid","28312",1
"hhid","28313",1
"hhid","28401",1
"hhid","28402",1
"hhid","28403",1
"hhid","28404",1
"hhid","28405",1
"hhid","28406",1
"hhid","28407",1
"hhid","28408",1
"hhid","28409",1
"hhid","28410",1
"hhid","28411",1
"hhid","28412",1
"hhid","28501",1
"hhid","28502",1
"hhid","28503",1
"hhid","28504",1
"hhid","28505",1
"hhid","28506",1
"hhid","28507",1
"hhid","28508",1
"hhid","28509",1
"hhid","28511",1
"hhid","28512",1
"hhid","28513",1
"hhid","28601",1
"hhid","28602",1
"hhid","28603",1
"hhid","28604",1
"hhid","28605",1
"hhid","28606",1
"hhid","28607",1
"hhid","28608",1
"hhid","28609",1
"hhid","28610",1
"hhid","28611",1
"hhid","28612",1
"hhid","28701",1
"hhid","28702",1
"hhid","28703",1
"hhid","28704",1
"hhid","28705",1
"hhid","28706",1
"hhid","28707",1
"hhid","28708",1
"hhid","28709",1
"hhid","28710",1
"hhid","28711",1
"hhid","28712",1
"hhid","28801",1
"hhid","28802",1
"hhid","28803",1
"hhid","28804",1
"hhid","28805",1
"hhid","28806",1
"hhid","28807",1
"hhid","28808",1
"hhid","28809",1
"hhid","28810",1
"hhid","28811",1
"hhid","28812",1
"hhid","28901",1
"hhid","28902",1
"hhid","28903",1
"hhid","28904",1
"hhid","28905",1
"hhid","28906",1
"hhid","28907",1
"hhid","28908",1
"hhid","28909",1
"hhid","28910",1
"hhid","28911",1
"hhid","28912",1
"hhid","29001",1
"hhid","29002",1
"hhid","29003",1
"hhid","29004",1
"hhid","29005",1
"hhid","29007",1
"hhid","29008",1
"hhid","29009",1
"hhid","29010",1
"hhid","29011",1
"hhid","29012",1
"hhid","29013",1
"hhid","2903",1
"hhid","2905",1
"hhid","29101",1
"hhid","29102",1
"hhid","29103",1
"hhid","29104",1
"hhid","29105",1
"hhid","29106",1
"hhid","29107",1
"hhid","29108",1
"hhid","29109",1
"hhid","2911",1
"hhid","29110",1
"hhid","29111",1
"hhid","29112",1
"hhid","2912",1
"hhid","2913",1
"hhid","2914",1
"hhid","2915",1
"hhid","2916",1
"hhid","2917",1
"hhid","2918",1
"hhid","2919",1
"hhid","29201",1
"hhid","29202",1
"hhid","29203",1
"hhid","29204",1
"hhid","29205",1
"hhid","29206",1
"hhid","29207",1
"hhid","29208",1
"hhid","29209",1
"hhid","29210",1
"hhid","29211",1
"hhid","29212",1
"hhid","29301",1
"hhid","29302",1
"hhid","29303",1
"hhid","29304",1
"hhid","29305",1
"hhid","29306",1
"hhid","29307",1
"hhid","29308",1
"hhid","29309",1
"hhid","29310",1
"hhid","29311",1
"hhid","29312",1
"hhid","29401",1
"hhid","29402",1
"hhid","29403",1
"hhid","29404",1
"hhid","29405",1
"hhid","29406",1
"hhid","29407",1
"hhid","29408",1
"hhid","29410",1
"hhid","29411",1
"hhid","29412",1
"hhid","29413",1
"hhid","29501",1
"hhid","29502",1
"hhid","29503",1
"hhid","29504",1
"hhid","29505",1
"hhid","29506",1
"hhid","29508",1
"hhid","29509",1
"hhid","29510",1
"hhid","29511",1
"hhid","29512",1
"hhid","29513",1
"hhid","29601",1
"hhid","29602",1
"hhid","29603",1
"hhid","29605",1
"hhid","29606",1
"hhid","29607",1
"hhid","29610",1
"hhid","29611",1
"hhid","29612",1
"hhid","29613",1
"hhid","29614",1
"hhid","29615",1
"hhid","29701",1
"hhid","29702",1
"hhid","29704",1
"hhid","29705",1
"hhid","29706",1
"hhid","29707",1
"hhid","29708",1
"hhid","29709",1
"hhid","29710",1
"hhid","29711",1
"hhid","29712",1
"hhid","29713",1
"hhid","29801",1
"hhid","29802",1
"hhid","29803",1
"hhid","29804",1
"hhid","29805",1
"hhid","29806",1
"hhid","29807",1
"hhid","29808",1
"hhid","29809",1
"hhid","29810",1
"hhid","29811",1
"hhid","29812",1
"hhid","29901",1
"hhid","29903",1
"hhid","29904",1
"hhid","29905",1
"hhid","29906",1
"hhid","29907",1
"hhid","29908",1
"hhid","29909",1
"hhid","29910",1
"hhid","29911",1
"hhid","29912",1
"hhid","29913",1
"hhid","30001",1
"hhid","30002",1
"hhid","30003",1
"hhid","30004",1
"hhid","30005",1
"hhid","30007",1
"hhid","30008",1
"hhid","30009",1
"hhid","3001",1
"hhid","30011",1
"hhid","30013",1
"hhid","30014",1
"hhid","30015",1
"hhid","3002",1
"hhid","3003",1
"hhid","3004",1
"hhid","3007",1
"hhid","3009",1
"hhid","30101",1
"hhid","30102",1
"hhid","30103",1
"hhid","30104",1
"hhid","30106",1
"hhid","30107",1
"hhid","30109",1
"hhid","30110",1
"hhid","30111",1
"hhid","30112",1
"hhid","30113",1
"hhid","30114",1
"hhid","3012",1
"hhid","3013",1
"hhid","3014",1
"hhid","3015",1
"hhid","3016",1
"hhid","3017",1
"hhid","302",1
"hhid","30201",1
"hhid","30202",1
"hhid","30203",1
"hhid","30206",1
"hhid","30207",1
"hhid","30209",1
"hhid","30210",1
"hhid","30211",1
"hhid","30212",1
"hhid","30213",1
"hhid","30214",1
"hhid","30215",1
"hhid","303",1
"hhid","30302",1
"hhid","30303",1
"hhid","30304",1
"hhid","30305",1
"hhid","30306",1
"hhid","30307",1
"hhid","30308",1
"hhid","30309",1
"hhid","30310",1
"hhid","30311",1
"hhid","30312",1
"hhid","30313",1
"hhid","304",1
"hhid","30401",1
"hhid","30402",1
"hhid","30404",1
"hhid","30405",1
"hhid","30406",1
"hhid","30407",1
"hhid","30408",1
"hhid","30409",1
"hhid","30410",1
"hhid","30411",1
"hhid","30412",1
"hhid","30413",1
"hhid","305",1
"hhid","30501",1
"hhid","30502",1
"hhid","30503",1
"hhid","30504",1
"hhid","30505",1
"hhid","30506",1
"hhid","30507",1
"hhid","30508",1
"hhid","30509",1
"hhid","30510",1
"hhid","30511",1
"hhid","30512",1
"hhid","306",1
"hhid","30601",1
"hhid","30602",1
"hhid","30603",1
"hhid","30604",1
"hhid","30605",1
"hhid","30606",1
"hhid","30607",1
"hhid","30609",1
"hhid","30611",1
"hhid","30613",1
"hhid","30614",1
"hhid","30615",1
"hhid","307",1
"hhid","30701",1
"hhid","30702",1
"hhid","30703",1
"hhid","30704",1
"hhid","30705",1
"hhid","30706",1
"hhid","30707",1
"hhid","30708",1
"hhid","30709",1
"hhid","30710",1
"hhid","30711",1
"hhid","30712",1
"hhid","30801",1
"hhid","30802",1
"hhid","30803",1
"hhid","30804",1
"hhid","30805",1
"hhid","30806",1
"hhid","30807",1
"hhid","30808",1
"hhid","30809",1
"hhid","30810",1
"hhid","30811",1
"hhid","30812",1
"hhid","309",1
"hhid","30901",1
"hhid","30902",1
"hhid","30903",1
"hhid","30904",1
"hhid","30905",1
"hhid","30906",1
"hhid","30907",1
"hhid","30908",1
"hhid","30909",1
"hhid","30910",1
"hhid","30911",1
"hhid","30912",1
"hhid","31001",1
"hhid","31002",1
"hhid","31003",1
"hhid","31004",1
"hhid","31005",1
"hhid","31006",1
"hhid","31007",1
"hhid","31008",1
"hhid","31009",1
"hhid","3101",1
"hhid","31010",1
"hhid","31011",1
"hhid","31012",1
"hhid","3102",1
"hhid","3103",1
"hhid","3104",1
"hhid","3105",1
"hhid","3106",1
"hhid","3108",1
"hhid","3109",1
"hhid","31102",1
"hhid","31104",1
"hhid","31107",1
"hhid","31108",1
"hhid","31109",1
"hhid","3111",1
"hhid","31110",1
"hhid","31111",1
"hhid","31112",1
"hhid","31113",1
"hhid","31114",1
"hhid","31115",1
"hhid","31116",1
"hhid","3113",1
"hhid","3114",1
"hhid","3115",1
"hhid","31201",1
"hhid","31202",1
"hhid","31203",1
"hhid","31204",1
"hhid","31205",1
"hhid","31206",1
"hhid","31207",1
"hhid","31209",1
"hhid","31210",1
"hhid","31211",1
"hhid","31212",1
"hhid","31213",1
"hhid","313",1
"hhid","31301",1
"hhid","31302",1
"hhid","31305",1
"hhid","31306",1
"hhid","31307",1
"hhid","31308",1
"hhid","31309",1
"hhid","31311",1
"hhid","31312",1
"hhid","31313",1
"hhid","31314",1
"hhid","314",1
"hhid","31401",1
"hhid","31402",1
"hhid","31403",1
"hhid","31404",1
"hhid","31405",1
"hhid","31406",1
"hhid","31407",1
"hhid","31408",1
"hhid","31409",1
"hhid","31410",1
"hhid","31411",1
"hhid","31412",1
"hhid","315",1
"hhid","31502",1
"hhid","31503",1
"hhid","31504",1
"hhid","31505",1
"hhid","31506",1
"hhid","31507",1
"hhid","31509",1
"hhid","31510",1
"hhid","31511",1
"hhid","31512",1
"hhid","316",1
"hhid","31601",1
"hhid","31602",1
"hhid","31603",1
"hhid","31604",1
"hhid","31605",1
"hhid","31606",1
"hhid","31607",1
"hhid","31608",1
"hhid","31609",1
"hhid","31610",1
"hhid","31612",1
"hhid","31613",1
"hhid","317",1
"hhid","31701",1
"hhid","31702",1
"hhid","31703",1
"hhid","31704",1
"hhid","31705",1
"hhid","31706",1
"hhid","31707",1
"hhid","31708",1
"hhid","31709",1
"hhid","31710",1
"hhid","31711",1
"hhid","31712",1
"hhid","31801",1
"hhid","31802",1
"hhid","31803",1
"hhid","31804",1
"hhid","31805",1
"hhid","31806",1
"hhid","31807",1
"hhid","31808",1
"hhid","31809",1
"hhid","31810",1
"hhid","31811",1
"hhid","31813",1
"hhid","31901",1
"hhid","31902",1
"hhid","31903",1
"hhid","31904",1
"hhid","31905",1
"hhid","31907",1
"hhid","31908",1
"hhid","31909",1
"hhid","31910",1
"hhid","31911",1
"hhid","32001",1
"hhid","32002",1
"hhid","32003",1
"hhid","32004",1
"hhid","32005",1
"hhid","32006",1
"hhid","32007",1
"hhid","32008",1
"hhid","32009",1
"hhid","32010",1
"hhid","32011",1
"hhid","32012",1
"hhid","3202",1
"hhid","3203",1
"hhid","3204",1
"hhid","3205",1
"hhid","3206",1
"hhid","3207",1
"hhid","3208",1
"hhid","3209",1
"hhid","3210",1
"hhid","32101",1
"hhid","32104",1
"hhid","32105",1
"hhid","32106",1
"hhid","32107",1
"hhid","32108",1
"hhid","32109",1
"hhid","3211",1
"hhid","32110",1
"hhid","32111",1
"hhid","32112",1
"hhid","3212",1
"hhid","3213",1
"hhid","32201",1
"hhid","32202",1
"hhid","32203",1
"hhid","32204",1
"hhid","32206",1
"hhid","32207",1
"hhid","32208",1
"hhid","32209",1
"hhid","32210",1
"hhid","32211",1
"hhid","32212",1
"hhid","32213",1
"hhid","32301",1
"hhid","32302",1
"hhid","32303",1
"hhid","32304",1
"hhid","32305",1
"hhid","32306",1
"hhid","32308",1
"hhid","32309",1
"hhid","32310",1
"hhid","32311",1
"hhid","32312",1
"hhid","32313",1
"hhid","32401",1
"hhid","32402",1
"hhid","32403",1
"hhid","32405",1
"hhid","32410",1
"hhid","32411",1
"hhid","32413",1
"hhid","32414",1
"hhid","32415",1
"hhid","32416",1
"hhid","32417",1
"hhid","32418",1
"hhid","32502",1
"hhid","32503",1
"hhid","32505",1
"hhid","32506",1
"hhid","32507",1
"hhid","32508",1
"hhid","32509",1
"hhid","32510",1
"hhid","32511",1
"hhid","32512",1
"hhid","32513",1
"hhid","32514",1
"hhid","32601",1
"hhid","32602",1
"hhid","32603",1
"hhid","32604",1
"hhid","32605",1
"hhid","32606",1
"hhid","32610",1
"hhid","32612",1
"hhid","32613",1
"hhid","32614",1
"hhid","32615",1
"hhid","32616",1
"hhid","32701",1
"hhid","32702",1
"hhid","32706",1
"hhid","32707",1
"hhid","32708",1
"hhid","32709",1
"hhid","32710",1
"hhid","32713",1
"hhid","32715",1
"hhid","32716",1
"hhid","32803",1
"hhid","32804",1
"hhid","32805",1
"hhid","32806",1
"hhid","32807",1
"hhid","32808",1
"hhid","32809",1
"hhid","32810",1
"hhid","32811",1
"hhid","32812",1
"hhid","32813",1
"hhid","32814",1
"hhid","32901",1
"hhid","32903",1
"hhid","32904",1
"hhid","32905",1
"hhid","32906",1
"hhid","32907",1
"hhid","32908",1
"hhid","32909",1
"hhid","32910",1
"hhid","32911",1
"hhid","32912",1
"hhid","32913",1
"hhid","33001",1
"hhid","33004",1
"hhid","33006",1
"hhid","33007",1
"hhid","33008",1
"hhid","3301",1
"hhid","33010",1
"hhid","33011",1
"hhid","33012",1
"hhid","33013",1
"hhid","33014",1
"hhid","33015",1
"hhid","33016",1
"hhid","3302",1
"hhid","3303",1
"hhid","3304",1
"hhid","3305",1
"hhid","3306",1
"hhid","3307",1
"hhid","3309",1
"hhid","3310",1
"hhid","33101",1
"hhid","33102",1
"hhid","33103",1
"hhid","33104",1
"hhid","33105",1
"hhid","33106",1
"hhid","33108",1
"hhid","3311",1
"hhid","33111",1
"hhid","33112",1
"hhid","33113",1
"hhid","33114",1
"hhid","33115",1
"hhid","3313",1
"hhid","3314",1
"hhid","33202",1
"hhid","33203",1
"hhid","33204",1
"hhid","33206",1
"hhid","33207",1
"hhid","33208",1
"hhid","33209",1
"hhid","33212",1
"hhid","33213",1
"hhid","33214",1
"hhid","33215",1
"hhid","33216",1
"hhid","33301",1
"hhid","33302",1
"hhid","33303",1
"hhid","33305",1
"hhid","33306",1
"hhid","33307",1
"hhid","33313",1
"hhid","33314",1
"hhid","33315",1
"hhid","33316",1
"hhid","33317",1
"hhid","33318",1
"hhid","33401",1
"hhid","33402",1
"hhid","33403",1
"hhid","33404",1
"hhid","33405",1
"hhid","33406",1
"hhid","33407",1
"hhid","33408",1
"hhid","33410",1
"hhid","33412",1
"hhid","33413",1
"hhid","33414",1
"hhid","33501",1
"hhid","33502",1
"hhid","33503",1
"hhid","33504",1
"hhid","33505",1
"hhid","33506",1
"hhid","33507",1
"hhid","33508",1
"hhid","33509",1
"hhid","33510",1
"hhid","33511",1
"hhid","33512",1
"hhid","33602",1
"hhid","33603",1
"hhid","33604",1
"hhid","33606",1
"hhid","33607",1
"hhid","33608",1
"hhid","33609",1
"hhid","33611",1
"hhid","33612",1
"hhid","33613",1
"hhid","33614",1
"hhid","33615",1
"hhid","33701",1
"hhid","33702",1
"hhid","33703",1
"hhid","33704",1
"hhid","33705",1
"hhid","33707",1
"hhid","33708",1
"hhid","33709",1
"hhid","33710",1
"hhid","33711",1
"hhid","33712",1
"hhid","33713",1
"hhid","33801",1
"hhid","33802",1
"hhid","33803",1
"hhid","33804",1
"hhid","33805",1
"hhid","33806",1
"hhid","33807",1
"hhid","33808",1
"hhid","33809",1
"hhid","33810",1
"hhid","33811",1
"hhid","33812",1
"hhid","33901",1
"hhid","33902",1
"hhid","33903",1
"hhid","33904",1
"hhid","33905",1
"hhid","33906",1
"hhid","33907",1
"hhid","33909",1
"hhid","33910",1
"hhid","33911",1
"hhid","33912",1
"hhid","33913",1
"hhid","34001",1
"hhid","34002",1
"hhid","34003",1
"hhid","34004",1
"hhid","34005",1
"hhid","34006",1
"hhid","34007",1
"hhid","34008",1
"hhid","34009",1
"hhid","3401",1
"hhid","34010",1
"hhid","34011",1
"hhid","34012",1
"hhid","3402",1
"hhid","3403",1
"hhid","3404",1
"hhid","3405",1
"hhid","3406",1
"hhid","3407",1
"hhid","3408",1
"hhid","34101",1
"hhid","34102",1
"hhid","34103",1
"hhid","34104",1
"hhid","34105",1
"hhid","34106",1
"hhid","34107",1
"hhid","34108",1
"hhid","34109",1
"hhid","3411",1
"hhid","34110",1
"hhid","34111",1
"hhid","34112",1
"hhid","3412",1
"hhid","3413",1
"hhid","3414",1
"hhid","34201",1
"hhid","34203",1
"hhid","34204",1
"hhid","34205",1
"hhid","34206",1
"hhid","34207",1
"hhid","34208",1
"hhid","34209",1
"hhid","34210",1
"hhid","34211",1
"hhid","34212",1
"hhid","34213",1
"hhid","34301",1
"hhid","34302",1
"hhid","34303",1
"hhid","34304",1
"hhid","34306",1
"hhid","34307",1
"hhid","34308",1
"hhid","34309",1
"hhid","34310",1
"hhid","34311",1
"hhid","34312",1
"hhid","34313",1
"hhid","34401",1
"hhid","34402",1
"hhid","34403",1
"hhid","34404",1
"hhid","34405",1
"hhid","34406",1
"hhid","34407",1
"hhid","34408",1
"hhid","34409",1
"hhid","34410",1
"hhid","34411",1
"hhid","34412",1
"hhid","34501",1
"hhid","34502",1
"hhid","34503",1
"hhid","34504",1
"hhid","34505",1
"hhid","34506",1
"hhid","34507",1
"hhid","34508",1
"hhid","34509",1
"hhid","34510",1
"hhid","34511",1
"hhid","34512",1
"hhid","34601",1
"hhid","34602",1
"hhid","34603",1
"hhid","34604",1
"hhid","34605",1
"hhid","34606",1
"hhid","34607",1
"hhid","34608",1
"hhid","34609",1
"hhid","34610",1
"hhid","34611",1
"hhid","34612",1
"hhid","34701",1
"hhid","34702",1
"hhid","34703",1
"hhid","34704",1
"hhid","34706",1
"hhid","34707",1
"hhid","34708",1
"hhid","34709",1
"hhid","34710",1
"hhid","34711",1
"hhid","34712",1
"hhid","34713",1
"hhid","34801",1
"hhid","34802",1
"hhid","34803",1
"hhid","34804",1
"hhid","34805",1
"hhid","34806",1
"hhid","34807",1
"hhid","34808",1
"hhid","34809",1
"hhid","34810",1
"hhid","34811",1
"hhid","34812",1
"hhid","34901",1
"hhid","34902",1
"hhid","34903",1
"hhid","34905",1
"hhid","34906",1
"hhid","34907",1
"hhid","34908",1
"hhid","34909",1
"hhid","34910",1
"hhid","34911",1
"hhid","34912",1
"hhid","34913",1
"hhid","35001",1
"hhid","35002",1
"hhid","35003",1
"hhid","35004",1
"hhid","35005",1
"hhid","35006",1
"hhid","35007",1
"hhid","35008",1
"hhid","35009",1
"hhid","3501",1
"hhid","35010",1
"hhid","35011",1
"hhid","35012",1
"hhid","3502",1
"hhid","3503",1
"hhid","3505",1
"hhid","3506",1
"hhid","3509",1
"hhid","3510",1
"hhid","35101",1
"hhid","35102",1
"hhid","35103",1
"hhid","35104",1
"hhid","35105",1
"hhid","35106",1
"hhid","35107",1
"hhid","35108",1
"hhid","35109",1
"hhid","35110",1
"hhid","35111",1
"hhid","35113",1
"hhid","3512",1
"hhid","3513",1
"hhid","3514",1
"hhid","3515",1
"hhid","3516",1
"hhid","35201",1
"hhid","35202",1
"hhid","35203",1
"hhid","35204",1
"hhid","35205",1
"hhid","35206",1
"hhid","35207",1
"hhid","35208",1
"hhid","35209",1
"hhid","35210",1
"hhid","35211",1
"hhid","35212",1
"hhid","35301",1
"hhid","35302",1
"hhid","35303",1
"hhid","35304",1
"hhid","35305",1
"hhid","35306",1
"hhid","35307",1
"hhid","35308",1
"hhid","35309",1
"hhid","35310",1
"hhid","35311",1
"hhid","35312",1
"hhid","35402",1
"hhid","35403",1
"hhid","35406",1
"hhid","35407",1
"hhid","35408",1
"hhid","35409",1
"hhid","35410",1
"hhid","35411",1
"hhid","35412",1
"hhid","35413",1
"hhid","35414",1
"hhid","35415",1
"hhid","35501",1
"hhid","35502",1
"hhid","35503",1
"hhid","35504",1
"hhid","35505",1
"hhid","35506",1
"hhid","35507",1
"hhid","35508",1
"hhid","35509",1
"hhid","35511",1
"hhid","35512",1
"hhid","35513",1
"hhid","35601",1
"hhid","35603",1
"hhid","35604",1
"hhid","35605",1
"hhid","35606",1
"hhid","35607",1
"hhid","35608",1
"hhid","35609",1
"hhid","35610",1
"hhid","35611",1
"hhid","35612",1
"hhid","35613",1
"hhid","35701",1
"hhid","35702",1
"hhid","35703",1
"hhid","35704",1
"hhid","35705",1
"hhid","35706",1
"hhid","35707",1
"hhid","35708",1
"hhid","35709",1
"hhid","35710",1
"hhid","35711",1
"hhid","35712",1
"hhid","35801",1
"hhid","35802",1
"hhid","35803",1
"hhid","35804",1
"hhid","35805",1
"hhid","35806",1
"hhid","35807",1
"hhid","35808",1
"hhid","35809",1
"hhid","35810",1
"hhid","35811",1
"hhid","35812",1
"hhid","35901",1
"hhid","35902",1
"hhid","35903",1
"hhid","35904",1
"hhid","35905",1
"hhid","35906",1
"hhid","35907",1
"hhid","35908",1
"hhid","35909",1
"hhid","35911",1
"hhid","35912",1
"hhid","35913",1
"hhid","36001",1
"hhid","36002",1
"hhid","36003",1
"hhid","36004",1
"hhid","36005",1
"hhid","36006",1
"hhid","36007",1
"hhid","36009",1
"hhid","3601",1
"hhid","36010",1
"hhid","36011",1
"hhid","36012",1
"hhid","36013",1
"hhid","3602",1
"hhid","3603",1
"hhid","3604",1
"hhid","3606",1
"hhid","3607",1
"hhid","3608",1
"hhid","3609",1
"hhid","36101",1
"hhid","36102",1
"hhid","36103",1
"hhid","36104",1
"hhid","36105",1
"hhid","36106",1
"hhid","36107",1
"hhid","36108",1
"hhid","36109",1
"hhid","3611",1
"hhid","36110",1
"hhid","36112",1
"hhid","36113",1
"hhid","3613",1
"hhid","3614",1
"hhid","3615",1
"hhid","36201",1
"hhid","36202",1
"hhid","36203",1
"hhid","36205",1
"hhid","36206",1
"hhid","36207",1
"hhid","36208",1
"hhid","36209",1
"hhid","36210",1
"hhid","36211",1
"hhid","36212",1
"hhid","36213",1
"hhid","36301",1
"hhid","36302",1
"hhid","36303",1
"hhid","36304",1
"hhid","36305",1
"hhid","36306",1
"hhid","36307",1
"hhid","36308",1
"hhid","36309",1
"hhid","36310",1
"hhid","36311",1
"hhid","36312",1
"hhid","36401",1
"hhid","36402",1
"hhid","36403",1
"hhid","36404",1
"hhid","36405",1
"hhid","36406",1
"hhid","36407",1
"hhid","36408",1
"hhid","36409",1
"hhid","36410",1
"hhid","36411",1
"hhid","36412",1
"hhid","36501",1
"hhid","36502",1
"hhid","36503",1
"hhid","36504",1
"hhid","36505",1
"hhid","36506",1
"hhid","36507",1
"hhid","36508",1
"hhid","36509",1
"hhid","36510",1
"hhid","36511",1
"hhid","36512",1
"hhid","36601",1
"hhid","36602",1
"hhid","36603",1
"hhid","36604",1
"hhid","36605",1
"hhid","36606",1
"hhid","36607",1
"hhid","36608",1
"hhid","36609",1
"hhid","36610",1
"hhid","36611",1
"hhid","36612",1
"hhid","36701",1
"hhid","36702",1
"hhid","36703",1
"hhid","36704",1
"hhid","36705",1
"hhid","36706",1
"hhid","36707",1
"hhid","36708",1
"hhid","36709",1
"hhid","36710",1
"hhid","36711",1
"hhid","36712",1
"hhid","36801",1
"hhid","36803",1
"hhid","36804",1
"hhid","36805",1
"hhid","36806",1
"hhid","36807",1
"hhid","36808",1
"hhid","36809",1
"hhid","36810",1
"hhid","36811",1
"hhid","36813",1
"hhid","36814",1
"hhid","36901",1
"hhid","36902",1
"hhid","36903",1
"hhid","36904",1
"hhid","36905",1
"hhid","36906",1
"hhid","36907",1
"hhid","36908",1
"hhid","36909",1
"hhid","36910",1
"hhid","36911",1
"hhid","36912",1
"hhid","37001",1
"hhid","37002",1
"hhid","37003",1
"hhid","37004",1
"hhid","37005",1
"hhid","37007",1
"hhid","37008",1
"hhid","37009",1
"hhid","3701",1
"hhid","37010",1
"hhid","37011",1
"hhid","37012",1
"hhid","37013",1
"hhid","3702",1
"hhid","3703",1
"hhid","3704",1
"hhid","3705",1
"hhid","3707",1
"hhid","3708",1
"hhid","37101",1
"hhid","37102",1
"hhid","37103",1
"hhid","37104",1
"hhid","37105",1
"hhid","37106",1
"hhid","37107",1
"hhid","37108",1
"hhid","37109",1
"hhid","3711",1
"hhid","37112",1
"hhid","37113",1
"hhid","37114",1
"hhid","3712",1
"hhid","3713",1
"hhid","3714",1
"hhid","3715",1
"hhid","37201",1
"hhid","37202",1
"hhid","37204",1
"hhid","37205",1
"hhid","37206",1
"hhid","37207",1
"hhid","37208",1
"hhid","37209",1
"hhid","37212",1
"hhid","37213",1
"hhid","37214",1
"hhid","37215",1
"hhid","37301",1
"hhid","37302",1
"hhid","37303",1
"hhid","37304",1
"hhid","37305",1
"hhid","37306",1
"hhid","37307",1
"hhid","37308",1
"hhid","37309",1
"hhid","37310",1
"hhid","37311",1
"hhid","37312",1
"hhid","37401",1
"hhid","37402",1
"hhid","37404",1
"hhid","37406",1
"hhid","37407",1
"hhid","37408",1
"hhid","37409",1
"hhid","37410",1
"hhid","37411",1
"hhid","37412",1
"hhid","37413",1
"hhid","37414",1
"hhid","37501",1
"hhid","37502",1
"hhid","37503",1
"hhid","37504",1
"hhid","37505",1
"hhid","37506",1
"hhid","37507",1
"hhid","37508",1
"hhid","37509",1
"hhid","37510",1
"hhid","37511",1
"hhid","37512",1
"hhid","37601",1
"hhid","37602",1
"hhid","37603",1
"hhid","37604",1
"hhid","37605",1
"hhid","37606",1
"hhid","37607",1
"hhid","37608",1
"hhid","37609",1
"hhid","37611",1
"hhid","37612",1
"hhid","37613",1
"hhid","37701",1
"hhid","37702",1
"hhid","37703",1
"hhid","37704",1
"hhid","37705",1
"hhid","37706",1
"hhid","37707",1
"hhid","37708",1
"hhid","37709",1
"hhid","37710",1
"hhid","37712",1
"hhid","37713",1
"hhid","37801",1
"hhid","37802",1
"hhid","37803",1
"hhid","37804",1
"hhid","37805",1
"hhid","37806",1
"hhid","37807",1
"hhid","37808",1
"hhid","37809",1
"hhid","37810",1
"hhid","37811",1
"hhid","37812",1
"hhid","37901",1
"hhid","37902",1
"hhid","37903",1
"hhid","37904",1
"hhid","37905",1
"hhid","37906",1
"hhid","37907",1
"hhid","37908",1
"hhid","37909",1
"hhid","37910",1
"hhid","37911",1
"hhid","37912",1
"hhid","38001",1
"hhid","38002",1
"hhid","38003",1
"hhid","38004",1
"hhid","38005",1
"hhid","38006",1
"hhid","38007",1
"hhid","38008",1
"hhid","38009",1
"hhid","3801",1
"hhid","38010",1
"hhid","38011",1
"hhid","38012",1
"hhid","3802",1
"hhid","3803",1
"hhid","3804",1
"hhid","3805",1
"hhid","3807",1
"hhid","3808",1
"hhid","3809",1
"hhid","3810",1
"hhid","38101",1
"hhid","38102",1
"hhid","38103",1
"hhid","38104",1
"hhid","38105",1
"hhid","38106",1
"hhid","38107",1
"hhid","38108",1
"hhid","38109",1
"hhid","3811",1
"hhid","38110",1
"hhid","38111",1
"hhid","38112",1
"hhid","3812",1
"hhid","3813",1
"hhid","38201",1
"hhid","38202",1
"hhid","38203",1
"hhid","38204",1
"hhid","38205",1
"hhid","38206",1
"hhid","38207",1
"hhid","38208",1
"hhid","38209",1
"hhid","38210",1
"hhid","38211",1
"hhid","38212",1
"hhid","38301",1
"hhid","38302",1
"hhid","38305",1
"hhid","38306",1
"hhid","38307",1
"hhid","38308",1
"hhid","38310",1
"hhid","38311",1
"hhid","38312",1
"hhid","38313",1
"hhid","38314",1
"hhid","38315",1
"hhid","38401",1
"hhid","38402",1
"hhid","38403",1
"hhid","38404",1
"hhid","38405",1
"hhid","38406",1
"hhid","38407",1
"hhid","38408",1
"hhid","38409",1
"hhid","38410",1
"hhid","38412",1
"hhid","38413",1
"hhid","38501",1
"hhid","38502",1
"hhid","38503",1
"hhid","38504",1
"hhid","38505",1
"hhid","38506",1
"hhid","38507",1
"hhid","38508",1
"hhid","38509",1
"hhid","38511",1
"hhid","38513",1
"hhid","38514",1
"hhid","38602",1
"hhid","38603",1
"hhid","38604",1
"hhid","38605",1
"hhid","38608",1
"hhid","38609",1
"hhid","38610",1
"hhid","38611",1
"hhid","38612",1
"hhid","38613",1
"hhid","38614",1
"hhid","38615",1
"hhid","38701",1
"hhid","38702",1
"hhid","38703",1
"hhid","38704",1
"hhid","38705",1
"hhid","38706",1
"hhid","38707",1
"hhid","38708",1
"hhid","38709",1
"hhid","38710",1
"hhid","38711",1
"hhid","38712",1
"hhid","38801",1
"hhid","38802",1
"hhid","38803",1
"hhid","38804",1
"hhid","38805",1
"hhid","38806",1
"hhid","38807",1
"hhid","38808",1
"hhid","38809",1
"hhid","38810",1
"hhid","38811",1
"hhid","38812",1
"hhid","38901",1
"hhid","38902",1
"hhid","38903",1
"hhid","38905",1
"hhid","38906",1
"hhid","38907",1
"hhid","38908",1
"hhid","38910",1
"hhid","38912",1
"hhid","38913",1
"hhid","38914",1
"hhid","38915",1
"hhid","39001",1
"hhid","39002",1
"hhid","39003",1
"hhid","39004",1
"hhid","39005",1
"hhid","39006",1
"hhid","39007",1
"hhid","39008",1
"hhid","39009",1
"hhid","3901",1
"hhid","39010",1
"hhid","39011",1
"hhid","39012",1
"hhid","3902",1
"hhid","3903",1
"hhid","3904",1
"hhid","3905",1
"hhid","3906",1
"hhid","3907",1
"hhid","3908",1
"hhid","3909",1
"hhid","3910",1
"hhid","39101",1
"hhid","39102",1
"hhid","39103",1
"hhid","39104",1
"hhid","39105",1
"hhid","39106",1
"hhid","39107",1
"hhid","39108",1
"hhid","39109",1
"hhid","39110",1
"hhid","39111",1
"hhid","39112",1
"hhid","3913",1
"hhid","3914",1
"hhid","39201",1
"hhid","39202",1
"hhid","39203",1
"hhid","39204",1
"hhid","39205",1
"hhid","39206",1
"hhid","39207",1
"hhid","39208",1
"hhid","39209",1
"hhid","39210",1
"hhid","39211",1
"hhid","39212",1
"hhid","39301",1
"hhid","39302",1
"hhid","39303",1
"hhid","39304",1
"hhid","39305",1
"hhid","39306",1
"hhid","39307",1
"hhid","39308",1
"hhid","39309",1
"hhid","39310",1
"hhid","39311",1
"hhid","39312",1
"hhid","39401",1
"hhid","39402",1
"hhid","39403",1
"hhid","39404",1
"hhid","39405",1
"hhid","39406",1
"hhid","39407",1
"hhid","39408",1
"hhid","39409",1
"hhid","39410",1
"hhid","39411",1
"hhid","39412",1
"hhid","39501",1
"hhid","39502",1
"hhid","39503",1
"hhid","39504",1
"hhid","39505",1
"hhid","39506",1
"hhid","39507",1
"hhid","39508",1
"hhid","39509",1
"hhid","39510",1
"hhid","39511",1
"hhid","39512",1
"hhid","39601",1
"hhid","39602",1
"hhid","39603",1
"hhid","39604",1
"hhid","39605",1
"hhid","39606",1
"hhid","39607",1
"hhid","39608",1
"hhid","39609",1
"hhid","39610",1
"hhid","39611",1
"hhid","39612",1
"hhid","39701",1
"hhid","39702",1
"hhid","39703",1
"hhid","39704",1
"hhid","39705",1
"hhid","39706",1
"hhid","39707",1
"hhid","39708",1
"hhid","39709",1
"hhid","39710",1
"hhid","39711",1
"hhid","39712",1
"hhid","39801",1
"hhid","39802",1
"hhid","39803",1
"hhid","39804",1
"hhid","39805",1
"hhid","39806",1
"hhid","39807",1
"hhid","39808",1
"hhid","39809",1
"hhid","39810",1
"hhid","39811",1
"hhid","39812",1
"hhid","39901",1
"hhid","39902",1
"hhid","39903",1
"hhid","39904",1
"hhid","39905",1
"hhid","39906",1
"hhid","39907",1
"hhid","39908",1
"hhid","39909",1
"hhid","39910",1
"hhid","39911",1
"hhid","39912",1
"hhid","40001",1
"hhid","40002",1
"hhid","40003",1
"hhid","40004",1
"hhid","40005",1
"hhid","40006",1
"hhid","40007",1
"hhid","40008",1
"hhid","40009",1
"hhid","4001",1
"hhid","40010",1
"hhid","40011",1
"hhid","40012",1
"hhid","4002",1
"hhid","4003",1
"hhid","4004",1
"hhid","4005",1
"hhid","4007",1
"hhid","4008",1
"hhid","4009",1
"hhid","401",1
"hhid","4010",1
"hhid","40101",1
"hhid","40102",1
"hhid","40103",1
"hhid","40104",1
"hhid","40105",1
"hhid","40106",1
"hhid","40107",1
"hhid","40109",1
"hhid","4011",1
"hhid","40111",1
"hhid","40112",1
"hhid","40113",1
"hhid","40114",1
"hhid","4012",1
"hhid","4013",1
"hhid","402",1
"hhid","40201",1
"hhid","40202",1
"hhid","40203",1
"hhid","40204",1
"hhid","40205",1
"hhid","40206",1
"hhid","40207",1
"hhid","40208",1
"hhid","40210",1
"hhid","40211",1
"hhid","40213",1
"hhid","40214",1
"hhid","403",1
"hhid","40301",1
"hhid","40302",1
"hhid","40303",1
"hhid","40304",1
"hhid","40305",1
"hhid","40306",1
"hhid","40307",1
"hhid","40308",1
"hhid","40309",1
"hhid","40310",1
"hhid","40311",1
"hhid","40312",1
"hhid","404",1
"hhid","40401",1
"hhid","40402",1
"hhid","40403",1
"hhid","40404",1
"hhid","40405",1
"hhid","40406",1
"hhid","40407",1
"hhid","40409",1
"hhid","40411",1
"hhid","40413",1
"hhid","40414",1
"hhid","405",1
"hhid","40501",1
"hhid","40502",1
"hhid","40503",1
"hhid","40504",1
"hhid","40505",1
"hhid","40506",1
"hhid","40507",1
"hhid","40508",1
"hhid","40509",1
"hhid","40510",1
"hhid","40511",1
"hhid","40512",1
"hhid","40601",1
"hhid","40602",1
"hhid","40604",1
"hhid","40605",1
"hhid","40606",1
"hhid","40607",1
"hhid","40608",1
"hhid","40609",1
"hhid","40610",1
"hhid","40611",1
"hhid","40613",1
"hhid","40614",1
"hhid","407",1
"hhid","40701",1
"hhid","40702",1
"hhid","40703",1
"hhid","40704",1
"hhid","40705",1
"hhid","40706",1
"hhid","40707",1
"hhid","40708",1
"hhid","40709",1
"hhid","40710",1
"hhid","40711",1
"hhid","40712",1
"hhid","408",1
"hhid","40801",1
"hhid","40803",1
"hhid","40804",1
"hhid","40805",1
"hhid","40806",1
"hhid","40807",1
"hhid","40809",1
"hhid","40811",1
"hhid","40813",1
"hhid","40814",1
"hhid","40815",1
"hhid","40816",1
"hhid","409",1
"hhid","40901",1
"hhid","40902",1
"hhid","40903",1
"hhid","40904",1
"hhid","40905",1
"hhid","40906",1
"hhid","40907",1
"hhid","40908",1
"hhid","40909",1
"hhid","40910",1
"hhid","40911",1
"hhid","40912",1
"hhid","41001",1
"hhid","41002",1
"hhid","41003",1
"hhid","41004",1
"hhid","41005",1
"hhid","41006",1
"hhid","41008",1
"hhid","4101",1
"hhid","41010",1
"hhid","41011",1
"hhid","41012",1
"hhid","41013",1
"hhid","41014",1
"hhid","4102",1
"hhid","4103",1
"hhid","4104",1
"hhid","4105",1
"hhid","4108",1
"hhid","4109",1
"hhid","411",1
"hhid","4110",1
"hhid","41101",1
"hhid","41102",1
"hhid","41103",1
"hhid","41104",1
"hhid","41105",1
"hhid","41106",1
"hhid","41107",1
"hhid","41108",1
"hhid","41109",1
"hhid","4111",1
"hhid","41110",1
"hhid","41111",1
"hhid","41112",1
"hhid","4112",1
"hhid","4113",1
"hhid","4114",1
"hhid","412",1
"hhid","41201",1
"hhid","41202",1
"hhid","41203",1
"hhid","41204",1
"hhid","41205",1
"hhid","41206",1
"hhid","41207",1
"hhid","41208",1
"hhid","41209",1
"hhid","41210",1
"hhid","41211",1
"hhid","41212",1
"hhid","413",1
"hhid","41301",1
"hhid","41302",1
"hhid","41303",1
"hhid","41304",1
"hhid","41305",1
"hhid","41306",1
"hhid","41307",1
"hhid","41308",1
"hhid","41309",1
"hhid","41310",1
"hhid","41311",1
"hhid","41312",1
"hhid","41402",1
"hhid","41403",1
"hhid","41404",1
"hhid","41405",1
"hhid","41406",1
"hhid","41407",1
"hhid","41408",1
"hhid","41409",1
"hhid","41410",1
"hhid","41411",1
"hhid","41412",1
"hhid","41413",1
"hhid","41501",1
"hhid","41502",1
"hhid","41503",1
"hhid","41504",1
"hhid","41505",1
"hhid","41506",1
"hhid","41507",1
"hhid","41508",1
"hhid","41509",1
"hhid","41510",1
"hhid","41511",1
"hhid","41512",1
"hhid","41601",1
"hhid","41602",1
"hhid","41603",1
"hhid","41604",1
"hhid","41605",1
"hhid","41606",1
"hhid","41607",1
"hhid","41608",1
"hhid","41609",1
"hhid","41610",1
"hhid","41611",1
"hhid","41612",1
"hhid","41701",1
"hhid","41702",1
"hhid","41703",1
"hhid","41705",1
"hhid","41706",1
"hhid","41707",1
"hhid","41708",1
"hhid","41709",1
"hhid","41710",1
"hhid","41711",1
"hhid","41712",1
"hhid","41713",1
"hhid","41801",1
"hhid","41802",1
"hhid","41803",1
"hhid","41804",1
"hhid","41805",1
"hhid","41806",1
"hhid","41807",1
"hhid","41808",1
"hhid","41809",1
"hhid","41810",1
"hhid","41811",1
"hhid","41812",1
"hhid","41901",1
"hhid","41902",1
"hhid","41904",1
"hhid","41905",1
"hhid","41906",1
"hhid","41907",1
"hhid","41908",1
"hhid","41909",1
"hhid","41910",1
"hhid","41911",1
"hhid","41912",1
"hhid","41913",1
"hhid","42001",1
"hhid","42002",1
"hhid","42003",1
"hhid","42004",1
"hhid","42005",1
"hhid","42006",1
"hhid","42007",1
"hhid","42008",1
"hhid","42009",1
"hhid","42010",1
"hhid","42011",1
"hhid","42012",1
"hhid","4202",1
"hhid","4203",1
"hhid","4204",1
"hhid","4205",1
"hhid","4206",1
"hhid","4207",1
"hhid","4208",1
"hhid","4209",1
"hhid","4210",1
"hhid","42101",1
"hhid","42102",1
"hhid","42103",1
"hhid","42104",1
"hhid","42105",1
"hhid","42106",1
"hhid","42107",1
"hhid","42108",1
"hhid","42109",1
"hhid","4211",1
"hhid","42111",1
"hhid","42112",1
"hhid","42113",1
"hhid","4212",1
"hhid","4213",1
"hhid","42202",1
"hhid","42203",1
"hhid","42204",1
"hhid","42205",1
"hhid","42206",1
"hhid","42209",1
"hhid","42210",1
"hhid","42211",1
"hhid","42212",1
"hhid","42213",1
"hhid","42214",1
"hhid","42215",1
"hhid","42302",1
"hhid","42303",1
"hhid","42304",1
"hhid","42305",1
"hhid","42306",1
"hhid","42307",1
"hhid","42308",1
"hhid","42310",1
"hhid","42311",1
"hhid","42312",1
"hhid","42313",1
"hhid","42314",1
"hhid","42401",1
"hhid","42402",1
"hhid","42403",1
"hhid","42404",1
"hhid","42405",1
"hhid","42406",1
"hhid","42407",1
"hhid","42408",1
"hhid","42409",1
"hhid","42410",1
"hhid","42411",1
"hhid","42412",1
"hhid","42501",1
"hhid","42503",1
"hhid","42504",1
"hhid","42506",1
"hhid","42507",1
"hhid","42508",1
"hhid","42509",1
"hhid","42510",1
"hhid","42511",1
"hhid","42512",1
"hhid","42513",1
"hhid","42514",1
"hhid","42601",1
"hhid","42602",1
"hhid","42603",1
"hhid","42604",1
"hhid","42606",1
"hhid","42607",1
"hhid","42608",1
"hhid","42609",1
"hhid","42610",1
"hhid","42611",1
"hhid","42613",1
"hhid","42614",1
"hhid","42701",1
"hhid","42702",1
"hhid","42703",1
"hhid","42704",1
"hhid","42705",1
"hhid","42706",1
"hhid","42707",1
"hhid","42708",1
"hhid","42709",1
"hhid","42710",1
"hhid","42711",1
"hhid","42712",1
"hhid","42801",1
"hhid","42802",1
"hhid","42803",1
"hhid","42804",1
"hhid","42806",1
"hhid","42807",1
"hhid","42808",1
"hhid","42809",1
"hhid","42810",1
"hhid","42811",1
"hhid","42812",1
"hhid","42813",1
"hhid","42901",1
"hhid","42902",1
"hhid","42903",1
"hhid","42904",1
"hhid","42905",1
"hhid","42906",1
"hhid","42907",1
"hhid","42908",1
"hhid","42909",1
"hhid","42910",1
"hhid","42911",1
"hhid","42913",1
"hhid","43001",1
"hhid","43002",1
"hhid","43003",1
"hhid","43004",1
"hhid","43005",1
"hhid","43006",1
"hhid","43007",1
"hhid","43008",1
"hhid","43009",1
"hhid","4301",1
"hhid","43010",1
"hhid","43011",1
"hhid","43012",1
"hhid","4302",1
"hhid","4303",1
"hhid","4304",1
"hhid","4305",1
"hhid","4306",1
"hhid","4307",1
"hhid","4308",1
"hhid","4309",1
"hhid","4310",1
"hhid","43101",1
"hhid","43102",1
"hhid","43103",1
"hhid","43104",1
"hhid","43105",1
"hhid","43106",1
"hhid","43107",1
"hhid","43108",1
"hhid","43109",1
"hhid","4311",1
"hhid","43110",1
"hhid","43111",1
"hhid","43112",1
"hhid","4312",1
"hhid","43201",1
"hhid","43202",1
"hhid","43203",1
"hhid","43204",1
"hhid","43205",1
"hhid","43206",1
"hhid","43207",1
"hhid","43208",1
"hhid","43209",1
"hhid","43210",1
"hhid","43211",1
"hhid","43212",1
"hhid","43301",1
"hhid","43302",1
"hhid","43303",1
"hhid","43304",1
"hhid","43305",1
"hhid","43306",1
"hhid","43307",1
"hhid","43308",1
"hhid","43309",1
"hhid","43310",1
"hhid","43311",1
"hhid","43312",1
"hhid","43401",1
"hhid","43402",1
"hhid","43403",1
"hhid","43404",1
"hhid","43405",1
"hhid","43406",1
"hhid","43407",1
"hhid","43408",1
"hhid","43409",1
"hhid","43410",1
"hhid","43411",1
"hhid","43412",1
"hhid","43501",1
"hhid","43502",1
"hhid","43503",1
"hhid","43504",1
"hhid","43505",1
"hhid","43507",1
"hhid","43508",1
"hhid","43509",1
"hhid","43510",1
"hhid","43511",1
"hhid","43512",1
"hhid","43513",1
"hhid","43601",1
"hhid","43602",1
"hhid","43603",1
"hhid","43604",1
"hhid","43605",1
"hhid","43606",1
"hhid","43607",1
"hhid","43608",1
"hhid","43609",1
"hhid","43610",1
"hhid","43611",1
"hhid","43612",1
"hhid","43701",1
"hhid","43702",1
"hhid","43703",1
"hhid","43705",1
"hhid","43706",1
"hhid","43708",1
"hhid","43709",1
"hhid","43711",1
"hhid","43712",1
"hhid","43713",1
"hhid","43714",1
"hhid","43715",1
"hhid","43801",1
"hhid","43802",1
"hhid","43803",1
"hhid","43804",1
"hhid","43806",1
"hhid","43807",1
"hhid","43808",1
"hhid","43810",1
"hhid","43811",1
"hhid","43812",1
"hhid","43813",1
"hhid","43814",1
"hhid","43901",1
"hhid","43902",1
"hhid","43903",1
"hhid","43904",1
"hhid","43905",1
"hhid","43907",1
"hhid","43908",1
"hhid","43910",1
"hhid","43911",1
"hhid","43912",1
"hhid","43913",1
"hhid","43914",1
"hhid","44003",1
"hhid","44004",1
"hhid","44006",1
"hhid","44007",1
"hhid","44008",1
"hhid","44009",1
"hhid","4401",1
"hhid","44010",1
"hhid","44011",1
"hhid","44012",1
"hhid","44013",1
"hhid","44014",1
"hhid","44015",1
"hhid","4402",1
"hhid","4403",1
"hhid","4404",1
"hhid","4405",1
"hhid","4406",1
"hhid","4407",1
"hhid","4408",1
"hhid","4409",1
"hhid","44101",1
"hhid","44102",1
"hhid","44103",1
"hhid","44104",1
"hhid","44105",1
"hhid","44106",1
"hhid","44107",1
"hhid","44108",1
"hhid","44109",1
"hhid","4411",1
"hhid","44110",1
"hhid","44112",1
"hhid","44113",1
"hhid","4412",1
"hhid","4413",1
"hhid","44201",1
"hhid","44203",1
"hhid","44205",1
"hhid","44206",1
"hhid","44207",1
"hhid","44208",1
"hhid","44209",1
"hhid","44211",1
"hhid","44213",1
"hhid","44214",1
"hhid","44215",1
"hhid","44216",1
"hhid","44301",1
"hhid","44303",1
"hhid","44305",1
"hhid","44306",1
"hhid","44307",1
"hhid","44309",1
"hhid","44310",1
"hhid","44312",1
"hhid","44313",1
"hhid","44314",1
"hhid","44315",1
"hhid","44316",1
"hhid","44401",1
"hhid","44402",1
"hhid","44403",1
"hhid","44404",1
"hhid","44405",1
"hhid","44406",1
"hhid","44407",1
"hhid","44408",1
"hhid","44409",1
"hhid","44410",1
"hhid","44411",1
"hhid","44412",1
"hhid","44501",1
"hhid","44502",1
"hhid","44503",1
"hhid","44504",1
"hhid","44505",1
"hhid","44506",1
"hhid","44507",1
"hhid","44508",1
"hhid","44509",1
"hhid","44510",1
"hhid","44511",1
"hhid","44512",1
"hhid","44601",1
"hhid","44602",1
"hhid","44603",1
"hhid","44604",1
"hhid","44605",1
"hhid","44606",1
"hhid","44607",1
"hhid","44609",1
"hhid","44611",1
"hhid","44612",1
"hhid","44613",1
"hhid","44614",1
"hhid","44701",1
"hhid","44702",1
"hhid","44703",1
"hhid","44704",1
"hhid","44705",1
"hhid","44706",1
"hhid","44707",1
"hhid","44708",1
"hhid","44709",1
"hhid","44710",1
"hhid","44711",1
"hhid","44712",1
"hhid","44801",1
"hhid","44802",1
"hhid","44803",1
"hhid","44804",1
"hhid","44805",1
"hhid","44806",1
"hhid","44807",1
"hhid","44808",1
"hhid","44809",1
"hhid","44810",1
"hhid","44811",1
"hhid","44812",1
"hhid","44901",1
"hhid","44902",1
"hhid","44903",1
"hhid","44904",1
"hhid","44905",1
"hhid","44906",1
"hhid","44907",1
"hhid","44908",1
"hhid","44909",1
"hhid","44910",1
"hhid","44911",1
"hhid","44912",1
"hhid","45001",1
"hhid","45002",1
"hhid","45003",1
"hhid","45004",1
"hhid","45005",1
"hhid","45006",1
"hhid","45007",1
"hhid","45008",1
"hhid","45009",1
"hhid","4501",1
"hhid","45010",1
"hhid","45011",1
"hhid","45012",1
"hhid","4502",1
"hhid","4503",1
"hhid","4505",1
"hhid","4506",1
"hhid","4508",1
"hhid","4509",1
"hhid","4510",1
"hhid","45101",1
"hhid","45102",1
"hhid","45103",1
"hhid","45104",1
"hhid","45105",1
"hhid","45108",1
"hhid","45109",1
"hhid","45110",1
"hhid","45111",1
"hhid","45112",1
"hhid","45113",1
"hhid","45114",1
"hhid","4512",1
"hhid","4513",1
"hhid","4514",1
"hhid","4515",1
"hhid","45201",1
"hhid","45202",1
"hhid","45203",1
"hhid","45204",1
"hhid","45205",1
"hhid","45206",1
"hhid","45207",1
"hhid","45208",1
"hhid","45209",1
"hhid","45210",1
"hhid","45211",1
"hhid","45212",1
"hhid","45301",1
"hhid","45302",1
"hhid","45303",1
"hhid","45304",1
"hhid","45305",1
"hhid","45306",1
"hhid","45307",1
"hhid","45308",1
"hhid","45309",1
"hhid","45310",1
"hhid","45311",1
"hhid","45312",1
"hhid","45401",1
"hhid","45402",1
"hhid","45403",1
"hhid","45404",1
"hhid","45405",1
"hhid","45406",1
"hhid","45407",1
"hhid","45408",1
"hhid","45409",1
"hhid","45410",1
"hhid","45411",1
"hhid","45412",1
"hhid","45502",1
"hhid","45503",1
"hhid","45504",1
"hhid","45505",1
"hhid","45506",1
"hhid","45507",1
"hhid","45508",1
"hhid","45509",1
"hhid","45510",1
"hhid","45511",1
"hhid","45512",1
"hhid","45513",1
"hhid","45601",1
"hhid","45603",1
"hhid","45604",1
"hhid","45605",1
"hhid","45606",1
"hhid","45607",1
"hhid","45608",1
"hhid","45610",1
"hhid","45611",1
"hhid","45612",1
"hhid","45613",1
"hhid","45614",1
"hhid","45701",1
"hhid","45703",1
"hhid","45704",1
"hhid","45705",1
"hhid","45706",1
"hhid","45707",1
"hhid","45708",1
"hhid","45709",1
"hhid","45710",1
"hhid","45711",1
"hhid","45713",1
"hhid","45714",1
"hhid","45801",1
"hhid","45802",1
"hhid","45803",1
"hhid","45804",1
"hhid","45805",1
"hhid","45806",1
"hhid","45807",1
"hhid","45808",1
"hhid","45809",1
"hhid","45810",1
"hhid","45811",1
"hhid","45812",1
"hhid","45901",1
"hhid","45902",1
"hhid","45904",1
"hhid","45905",1
"hhid","45906",1
"hhid","45907",1
"hhid","45909",1
"hhid","45910",1
"hhid","45913",1
"hhid","45914",1
"hhid","45915",1
"hhid","45916",1
"hhid","46001",1
"hhid","46002",1
"hhid","46003",1
"hhid","46004",1
"hhid","46005",1
"hhid","46006",1
"hhid","46007",1
"hhid","46008",1
"hhid","46009",1
"hhid","4601",1
"hhid","46011",1
"hhid","46012",1
"hhid","46013",1
"hhid","4602",1
"hhid","4603",1
"hhid","4604",1
"hhid","4605",1
"hhid","4606",1
"hhid","4607",1
"hhid","4608",1
"hhid","4609",1
"hhid","4610",1
"hhid","46102",1
"hhid","46103",1
"hhid","46104",1
"hhid","46105",1
"hhid","46107",1
"hhid","46108",1
"hhid","46109",1
"hhid","4611",1
"hhid","46111",1
"hhid","46113",1
"hhid","46114",1
"hhid","46115",1
"hhid","46116",1
"hhid","4613",1
"hhid","46201",1
"hhid","46202",1
"hhid","46203",1
"hhid","46204",1
"hhid","46205",1
"hhid","46206",1
"hhid","46207",1
"hhid","46208",1
"hhid","46209",1
"hhid","46210",1
"hhid","46211",1
"hhid","46212",1
"hhid","46301",1
"hhid","46304",1
"hhid","46305",1
"hhid","46306",1
"hhid","46307",1
"hhid","46308",1
"hhid","46309",1
"hhid","46310",1
"hhid","46311",1
"hhid","46312",1
"hhid","46313",1
"hhid","46314",1
"hhid","46401",1
"hhid","46402",1
"hhid","46403",1
"hhid","46404",1
"hhid","46405",1
"hhid","46406",1
"hhid","46407",1
"hhid","46408",1
"hhid","46409",1
"hhid","46410",1
"hhid","46411",1
"hhid","46412",1
"hhid","46501",1
"hhid","46502",1
"hhid","46503",1
"hhid","46504",1
"hhid","46505",1
"hhid","46506",1
"hhid","46507",1
"hhid","46508",1
"hhid","46509",1
"hhid","46510",1
"hhid","46511",1
"hhid","46512",1
"hhid","46601",1
"hhid","46602",1
"hhid","46603",1
"hhid","46604",1
"hhid","46605",1
"hhid","46606",1
"hhid","46607",1
"hhid","46608",1
"hhid","46609",1
"hhid","46610",1
"hhid","46611",1
"hhid","46612",1
"hhid","46701",1
"hhid","46702",1
"hhid","46703",1
"hhid","46704",1
"hhid","46705",1
"hhid","46706",1
"hhid","46707",1
"hhid","46708",1
"hhid","46709",1
"hhid","46710",1
"hhid","46711",1
"hhid","46712",1
"hhid","46801",1
"hhid","46802",1
"hhid","46803",1
"hhid","46804",1
"hhid","46805",1
"hhid","46806",1
"hhid","46807",1
"hhid","46808",1
"hhid","46809",1
"hhid","46811",1
"hhid","46812",1
"hhid","46813",1
"hhid","46901",1
"hhid","46903",1
"hhid","46904",1
"hhid","46905",1
"hhid","46906",1
"hhid","46907",1
"hhid","46908",1
"hhid","46909",1
"hhid","46911",1
"hhid","46912",1
"hhid","46913",1
"hhid","46914",1
"hhid","47002",1
"hhid","47004",1
"hhid","47005",1
"hhid","47006",1
"hhid","47007",1
"hhid","47008",1
"hhid","47009",1
"hhid","4701",1
"hhid","47010",1
"hhid","47011",1
"hhid","47012",1
"hhid","47013",1
"hhid","47014",1
"hhid","4702",1
"hhid","4703",1
"hhid","4704",1
"hhid","4705",1
"hhid","4706",1
"hhid","4707",1
"hhid","4708",1
"hhid","4709",1
"hhid","47101",1
"hhid","47103",1
"hhid","47104",1
"hhid","47105",1
"hhid","47106",1
"hhid","47107",1
"hhid","47108",1
"hhid","47109",1
"hhid","47110",1
"hhid","47111",1
"hhid","47112",1
"hhid","47113",1
"hhid","4712",1
"hhid","4713",1
"hhid","4714",1
"hhid","47201",1
"hhid","47202",1
"hhid","47203",1
"hhid","47204",1
"hhid","47205",1
"hhid","47206",1
"hhid","47207",1
"hhid","47208",1
"hhid","47209",1
"hhid","47210",1
"hhid","47211",1
"hhid","47212",1
"hhid","47301",1
"hhid","47303",1
"hhid","47304",1
"hhid","47305",1
"hhid","47306",1
"hhid","47307",1
"hhid","47308",1
"hhid","47309",1
"hhid","47310",1
"hhid","47311",1
"hhid","47312",1
"hhid","47313",1
"hhid","47401",1
"hhid","47402",1
"hhid","47403",1
"hhid","47404",1
"hhid","47405",1
"hhid","47406",1
"hhid","47407",1
"hhid","47408",1
"hhid","47410",1
"hhid","47411",1
"hhid","47412",1
"hhid","47413",1
"hhid","47501",1
"hhid","47502",1
"hhid","47503",1
"hhid","47504",1
"hhid","47505",1
"hhid","47506",1
"hhid","47507",1
"hhid","47508",1
"hhid","47509",1
"hhid","47510",1
"hhid","47511",1
"hhid","47512",1
"hhid","47601",1
"hhid","47602",1
"hhid","47603",1
"hhid","47604",1
"hhid","47605",1
"hhid","47606",1
"hhid","47607",1
"hhid","47608",1
"hhid","47609",1
"hhid","47610",1
"hhid","47611",1
"hhid","47612",1
"hhid","47703",1
"hhid","47704",1
"hhid","47705",1
"hhid","47706",1
"hhid","47707",1
"hhid","47708",1
"hhid","47709",1
"hhid","47710",1
"hhid","47711",1
"hhid","47712",1
"hhid","47713",1
"hhid","47714",1
"hhid","47801",1
"hhid","47802",1
"hhid","47803",1
"hhid","47804",1
"hhid","47805",1
"hhid","47807",1
"hhid","47808",1
"hhid","47809",1
"hhid","47810",1
"hhid","47811",1
"hhid","47812",1
"hhid","47813",1
"hhid","47901",1
"hhid","47902",1
"hhid","47903",1
"hhid","47904",1
"hhid","47905",1
"hhid","47906",1
"hhid","47907",1
"hhid","47908",1
"hhid","47909",1
"hhid","47910",1
"hhid","47911",1
"hhid","47912",1
"hhid","48002",1
"hhid","48003",1
"hhid","48004",1
"hhid","48005",1
"hhid","48006",1
"hhid","48007",1
"hhid","48008",1
"hhid","48009",1
"hhid","4801",1
"hhid","48010",1
"hhid","48011",1
"hhid","48012",1
"hhid","48013",1
"hhid","4802",1
"hhid","4803",1
"hhid","4804",1
"hhid","4805",1
"hhid","4806",1
"hhid","4808",1
"hhid","4810",1
"hhid","48101",1
"hhid","48102",1
"hhid","48103",1
"hhid","48104",1
"hhid","48105",1
"hhid","48106",1
"hhid","48107",1
"hhid","48108",1
"hhid","48109",1
"hhid","4811",1
"hhid","48110",1
"hhid","48111",1
"hhid","48112",1
"hhid","4812",1
"hhid","4813",1
"hhid","4814",1
"hhid","48201",1
"hhid","48202",1
"hhid","48203",1
"hhid","48204",1
"hhid","48205",1
"hhid","48206",1
"hhid","48208",1
"hhid","48209",1
"hhid","48210",1
"hhid","48211",1
"hhid","48212",1
"hhid","48213",1
"hhid","48301",1
"hhid","48302",1
"hhid","48303",1
"hhid","48304",1
"hhid","48305",1
"hhid","48306",1
"hhid","48307",1
"hhid","48308",1
"hhid","48309",1
"hhid","48310",1
"hhid","48311",1
"hhid","48312",1
"hhid","48401",1
"hhid","48402",1
"hhid","48403",1
"hhid","48404",1
"hhid","48405",1
"hhid","48406",1
"hhid","48407",1
"hhid","48408",1
"hhid","48409",1
"hhid","48410",1
"hhid","48411",1
"hhid","48412",1
"hhid","48501",1
"hhid","48502",1
"hhid","48503",1
"hhid","48504",1
"hhid","48505",1
"hhid","48506",1
"hhid","48507",1
"hhid","48508",1
"hhid","48509",1
"hhid","48510",1
"hhid","48511",1
"hhid","48512",1
"hhid","48603",1
"hhid","48604",1
"hhid","48605",1
"hhid","48606",1
"hhid","48607",1
"hhid","48608",1
"hhid","48609",1
"hhid","48610",1
"hhid","48611",1
"hhid","48612",1
"hhid","48613",1
"hhid","48614",1
"hhid","48701",1
"hhid","48702",1
"hhid","48703",1
"hhid","48704",1
"hhid","48705",1
"hhid","48707",1
"hhid","48708",1
"hhid","48709",1
"hhid","48710",1
"hhid","48711",1
"hhid","48712",1
"hhid","48713",1
"hhid","48801",1
"hhid","48802",1
"hhid","48803",1
"hhid","48804",1
"hhid","48805",1
"hhid","48806",1
"hhid","48807",1
"hhid","48808",1
"hhid","48809",1
"hhid","48810",1
"hhid","48811",1
"hhid","48812",1
"hhid","48901",1
"hhid","48902",1
"hhid","48903",1
"hhid","48904",1
"hhid","48905",1
"hhid","48906",1
"hhid","48907",1
"hhid","48908",1
"hhid","48909",1
"hhid","48911",1
"hhid","48913",1
"hhid","48914",1
"hhid","49001",1
"hhid","49002",1
"hhid","49003",1
"hhid","49004",1
"hhid","49005",1
"hhid","49006",1
"hhid","49007",1
"hhid","49009",1
"hhid","4901",1
"hhid","49010",1
"hhid","49011",1
"hhid","49012",1
"hhid","49013",1
"hhid","4902",1
"hhid","4903",1
"hhid","4904",1
"hhid","4907",1
"hhid","4908",1
"hhid","4909",1
"hhid","49101",1
"hhid","49102",1
"hhid","49103",1
"hhid","49104",1
"hhid","49105",1
"hhid","49106",1
"hhid","49107",1
"hhid","49108",1
"hhid","49109",1
"hhid","4911",1
"hhid","49110",1
"hhid","49111",1
"hhid","49112",1
"hhid","4913",1
"hhid","4914",1
"hhid","4915",1
"hhid","4916",1
"hhid","49202",1
"hhid","49203",1
"hhid","49204",1
"hhid","49205",1
"hhid","49206",1
"hhid","49207",1
"hhid","49209",1
"hhid","49210",1
"hhid","49211",1
"hhid","49212",1
"hhid","49213",1
"hhid","49214",1
"hhid","49301",1
"hhid","49302",1
"hhid","49303",1
"hhid","49304",1
"hhid","49305",1
"hhid","49306",1
"hhid","49307",1
"hhid","49309",1
"hhid","49310",1
"hhid","49311",1
"hhid","49312",1
"hhid","49313",1
"hhid","49401",1
"hhid","49403",1
"hhid","49404",1
"hhid","49406",1
"hhid","49408",1
"hhid","49409",1
"hhid","49410",1
"hhid","49411",1
"hhid","49413",1
"hhid","49414",1
"hhid","49415",1
"hhid","49416",1
"hhid","49501",1
"hhid","49502",1
"hhid","49503",1
"hhid","49504",1
"hhid","49505",1
"hhid","49506",1
"hhid","49507",1
"hhid","49508",1
"hhid","49510",1
"hhid","49511",1
"hhid","49512",1
"hhid","49513",1
"hhid","49601",1
"hhid","49602",1
"hhid","49603",1
"hhid","49604",1
"hhid","49605",1
"hhid","49606",1
"hhid","49607",1
"hhid","49608",1
"hhid","49609",1
"hhid","49610",1
"hhid","49611",1
"hhid","49612",1
"hhid","49701",1
"hhid","49702",1
"hhid","49704",1
"hhid","49705",1
"hhid","49706",1
"hhid","49707",1
"hhid","49708",1
"hhid","49709",1
"hhid","49710",1
"hhid","49711",1
"hhid","49712",1
"hhid","49713",1
"hhid","49801",1
"hhid","49802",1
"hhid","49803",1
"hhid","49804",1
"hhid","49805",1
"hhid","49806",1
"hhid","49807",1
"hhid","49808",1
"hhid","49809",1
"hhid","49810",1
"hhid","49811",1
"hhid","49812",1
"hhid","49901",1
"hhid","49902",1
"hhid","49903",1
"hhid","49904",1
"hhid","49905",1
"hhid","49906",1
"hhid","49907",1
"hhid","49908",1
"hhid","49909",1
"hhid","49910",1
"hhid","49911",1
"hhid","49912",1
"hhid","50001",1
"hhid","50002",1
"hhid","50003",1
"hhid","50004",1
"hhid","50005",1
"hhid","50006",1
"hhid","50007",1
"hhid","50008",1
"hhid","50009",1
"hhid","5001",1
"hhid","50010",1
"hhid","50011",1
"hhid","50012",1
"hhid","5002",1
"hhid","5003",1
"hhid","5004",1
"hhid","5005",1
"hhid","5006",1
"hhid","5007",1
"hhid","5008",1
"hhid","5009",1
"hhid","50101",1
"hhid","50102",1
"hhid","50103",1
"hhid","50104",1
"hhid","50105",1
"hhid","50106",1
"hhid","50107",1
"hhid","50109",1
"hhid","5011",1
"hhid","50110",1
"hhid","50111",1
"hhid","50112",1
"hhid","50113",1
"hhid","5012",1
"hhid","5013",1
"hhid","502",1
"hhid","50201",1
"hhid","50202",1
"hhid","50203",1
"hhid","50204",1
"hhid","50205",1
"hhid","50206",1
"hhid","50207",1
"hhid","50208",1
"hhid","50209",1
"hhid","50210",1
"hhid","50211",1
"hhid","50212",1
"hhid","50301",1
"hhid","50302",1
"hhid","50303",1
"hhid","50304",1
"hhid","50305",1
"hhid","50306",1
"hhid","50307",1
"hhid","50308",1
"hhid","50309",1
"hhid","50310",1
"hhid","50311",1
"hhid","50312",1
"hhid","504",1
"hhid","50401",1
"hhid","50402",1
"hhid","50403",1
"hhid","50404",1
"hhid","50405",1
"hhid","50406",1
"hhid","50407",1
"hhid","50408",1
"hhid","50409",1
"hhid","50410",1
"hhid","50411",1
"hhid","50412",1
"hhid","505",1
"hhid","50501",1
"hhid","50502",1
"hhid","50503",1
"hhid","50504",1
"hhid","50505",1
"hhid","50506",1
"hhid","50507",1
"hhid","50508",1
"hhid","50509",1
"hhid","50510",1
"hhid","50511",1
"hhid","50512",1
"hhid","506",1
"hhid","50601",1
"hhid","50602",1
"hhid","50603",1
"hhid","50604",1
"hhid","50605",1
"hhid","50606",1
"hhid","50607",1
"hhid","50608",1
"hhid","50609",1
"hhid","50610",1
"hhid","50611",1
"hhid","50612",1
"hhid","507",1
"hhid","50701",1
"hhid","50702",1
"hhid","50703",1
"hhid","50704",1
"hhid","50705",1
"hhid","50706",1
"hhid","50707",1
"hhid","50708",1
"hhid","50709",1
"hhid","50710",1
"hhid","50711",1
"hhid","50712",1
"hhid","50801",1
"hhid","50802",1
"hhid","50803",1
"hhid","50804",1
"hhid","50805",1
"hhid","50806",1
"hhid","50807",1
"hhid","50808",1
"hhid","50809",1
"hhid","50810",1
"hhid","50811",1
"hhid","50812",1
"hhid","509",1
"hhid","50901",1
"hhid","50902",1
"hhid","50903",1
"hhid","50904",1
"hhid","50905",1
"hhid","50906",1
"hhid","50907",1
"hhid","50909",1
"hhid","50910",1
"hhid","50911",1
"hhid","50912",1
"hhid","50913",1
"hhid","510",1
"hhid","51001",1
"hhid","51002",1
"hhid","51003",1
"hhid","51004",1
"hhid","51005",1
"hhid","51006",1
"hhid","51007",1
"hhid","51008",1
"hhid","5101",1
"hhid","51010",1
"hhid","51011",1
"hhid","51013",1
"hhid","51014",1
"hhid","5103",1
"hhid","5104",1
"hhid","5105",1
"hhid","5107",1
"hhid","5108",1
"hhid","511",1
"hhid","5110",1
"hhid","51101",1
"hhid","51102",1
"hhid","51103",1
"hhid","51104",1
"hhid","51105",1
"hhid","51106",1
"hhid","51107",1
"hhid","51108",1
"hhid","51109",1
"hhid","5111",1
"hhid","51110",1
"hhid","51111",1
"hhid","51112",1
"hhid","5112",1
"hhid","5113",1
"hhid","5114",1
"hhid","512",1
"hhid","51201",1
"hhid","51202",1
"hhid","51203",1
"hhid","51204",1
"hhid","51205",1
"hhid","51206",1
"hhid","51207",1
"hhid","51208",1
"hhid","51209",1
"hhid","51210",1
"hhid","51211",1
"hhid","51212",1
"hhid","513",1
"hhid","51301",1
"hhid","51302",1
"hhid","51303",1
"hhid","51304",1
"hhid","51305",1
"hhid","51306",1
"hhid","51307",1
"hhid","51308",1
"hhid","51309",1
"hhid","51311",1
"hhid","51312",1
"hhid","51313",1
"hhid","514",1
"hhid","51401",1
"hhid","51402",1
"hhid","51403",1
"hhid","51404",1
"hhid","51405",1
"hhid","51406",1
"hhid","51407",1
"hhid","51408",1
"hhid","51409",1
"hhid","51411",1
"hhid","51412",1
"hhid","51413",1
"hhid","515",1
"hhid","51501",1
"hhid","51502",1
"hhid","51503",1
"hhid","51504",1
"hhid","51505",1
"hhid","51506",1
"hhid","51507",1
"hhid","51508",1
"hhid","51509",1
"hhid","51510",1
"hhid","51511",1
"hhid","51512",1
"hhid","51601",1
"hhid","51602",1
"hhid","51604",1
"hhid","51605",1
"hhid","51606",1
"hhid","51607",1
"hhid","51608",1
"hhid","51609",1
"hhid","51610",1
"hhid","51611",1
"hhid","51612",1
"hhid","51613",1
"hhid","51701",1
"hhid","51702",1
"hhid","51703",1
"hhid","51704",1
"hhid","51705",1
"hhid","51706",1
"hhid","51707",1
"hhid","51708",1
"hhid","51709",1
"hhid","51710",1
"hhid","51711",1
"hhid","51712",1
"hhid","51801",1
"hhid","51802",1
"hhid","51803",1
"hhid","51804",1
"hhid","51805",1
"hhid","51806",1
"hhid","51807",1
"hhid","51808",1
"hhid","51809",1
"hhid","51810",1
"hhid","51811",1
"hhid","51812",1
"hhid","51901",1
"hhid","51902",1
"hhid","51903",1
"hhid","51904",1
"hhid","51905",1
"hhid","51906",1
"hhid","51907",1
"hhid","51908",1
"hhid","51909",1
"hhid","51910",1
"hhid","51911",1
"hhid","51912",1
"hhid","52001",1
"hhid","52002",1
"hhid","52003",1
"hhid","52004",1
"hhid","52005",1
"hhid","52006",1
"hhid","52007",1
"hhid","52008",1
"hhid","52009",1
"hhid","5201",1
"hhid","52010",1
"hhid","52011",1
"hhid","52012",1
"hhid","5203",1
"hhid","5204",1
"hhid","5205",1
"hhid","5206",1
"hhid","5207",1
"hhid","5208",1
"hhid","5210",1
"hhid","52101",1
"hhid","52102",1
"hhid","52103",1
"hhid","52104",1
"hhid","52105",1
"hhid","52106",1
"hhid","52107",1
"hhid","52108",1
"hhid","52109",1
"hhid","5211",1
"hhid","52110",1
"hhid","52111",1
"hhid","52112",1
"hhid","5212",1
"hhid","5213",1
"hhid","5214",1
"hhid","52201",1
"hhid","52202",1
"hhid","52203",1
"hhid","52204",1
"hhid","52205",1
"hhid","52206",1
"hhid","52207",1
"hhid","52208",1
"hhid","52209",1
"hhid","52210",1
"hhid","52211",1
"hhid","52212",1
"hhid","52301",1
"hhid","52302",1
"hhid","52303",1
"hhid","52304",1
"hhid","52305",1
"hhid","52306",1
"hhid","52307",1
"hhid","52308",1
"hhid","52311",1
"hhid","52312",1
"hhid","52313",1
"hhid","52314",1
"hhid","52401",1
"hhid","52402",1
"hhid","52403",1
"hhid","52404",1
"hhid","52405",1
"hhid","52406",1
"hhid","52407",1
"hhid","52408",1
"hhid","52409",1
"hhid","52410",1
"hhid","52411",1
"hhid","52412",1
"hhid","52501",1
"hhid","52502",1
"hhid","52503",1
"hhid","52504",1
"hhid","52505",1
"hhid","52506",1
"hhid","52508",1
"hhid","52509",1
"hhid","52510",1
"hhid","52511",1
"hhid","52512",1
"hhid","52513",1
"hhid","52601",1
"hhid","52602",1
"hhid","52603",1
"hhid","52604",1
"hhid","52605",1
"hhid","52606",1
"hhid","52607",1
"hhid","52608",1
"hhid","52609",1
"hhid","52610",1
"hhid","52611",1
"hhid","52612",1
"hhid","52701",1
"hhid","52702",1
"hhid","52703",1
"hhid","52704",1
"hhid","52705",1
"hhid","52706",1
"hhid","52707",1
"hhid","52708",1
"hhid","52710",1
"hhid","52712",1
"hhid","52713",1
"hhid","52714",1
"hhid","52801",1
"hhid","52802",1
"hhid","52803",1
"hhid","52804",1
"hhid","52805",1
"hhid","52806",1
"hhid","52807",1
"hhid","52808",1
"hhid","52809",1
"hhid","52810",1
"hhid","52812",1
"hhid","52813",1
"hhid","52902",1
"hhid","52903",1
"hhid","52904",1
"hhid","52906",1
"hhid","52907",1
"hhid","52908",1
"hhid","52910",1
"hhid","52911",1
"hhid","52912",1
"hhid","52913",1
"hhid","52914",1
"hhid","52915",1
"hhid","53001",1
"hhid","53002",1
"hhid","53003",1
"hhid","53004",1
"hhid","53005",1
"hhid","53006",1
"hhid","53008",1
"hhid","53009",1
"hhid","53010",1
"hhid","53011",1
"hhid","53012",1
"hhid","5302",1
"hhid","5305",1
"hhid","5306",1
"hhid","5308",1
"hhid","5309",1
"hhid","5310",1
"hhid","53101",1
"hhid","53102",1
"hhid","53103",1
"hhid","53104",1
"hhid","53106",1
"hhid","53107",1
"hhid","53109",1
"hhid","5311",1
"hhid","53111",1
"hhid","53112",1
"hhid","53113",1
"hhid","53114",1
"hhid","53115",1
"hhid","5312",1
"hhid","5313",1
"hhid","5314",1
"hhid","5315",1
"hhid","5316",1
"hhid","53201",1
"hhid","53203",1
"hhid","53204",1
"hhid","53205",1
"hhid","53206",1
"hhid","53207",1
"hhid","53208",1
"hhid","53209",1
"hhid","53210",1
"hhid","53211",1
"hhid","53212",1
"hhid","53213",1
"hhid","53301",1
"hhid","53305",1
"hhid","53306",1
"hhid","53307",1
"hhid","53308",1
"hhid","53309",1
"hhid","53310",1
"hhid","53311",1
"hhid","53313",1
"hhid","53314",1
"hhid","53315",1
"hhid","53402",1
"hhid","53404",1
"hhid","53405",1
"hhid","53406",1
"hhid","53407",1
"hhid","53408",1
"hhid","53410",1
"hhid","53411",1
"hhid","53412",1
"hhid","53413",1
"hhid","53414",1
"hhid","53501",1
"hhid","53502",1
"hhid","53503",1
"hhid","53505",1
"hhid","53506",1
"hhid","53507",1
"hhid","53508",1
"hhid","53509",1
"hhid","53511",1
"hhid","53512",1
"hhid","53513",1
"hhid","53514",1
"hhid","53601",1
"hhid","53602",1
"hhid","53603",1
"hhid","53604",1
"hhid","53605",1
"hhid","53606",1
"hhid","53608",1
"hhid","53609",1
"hhid","53610",1
"hhid","53611",1
"hhid","53613",1
"hhid","53614",1
"hhid","53701",1
"hhid","53702",1
"hhid","53703",1
"hhid","53704",1
"hhid","53705",1
"hhid","53707",1
"hhid","53708",1
"hhid","53709",1
"hhid","53711",1
"hhid","53712",1
"hhid","53713",1
"hhid","53714",1
"hhid","53801",1
"hhid","53802",1
"hhid","53805",1
"hhid","53806",1
"hhid","53807",1
"hhid","53810",1
"hhid","53811",1
"hhid","53812",1
"hhid","53813",1
"hhid","53814",1
"hhid","53815",1
"hhid","53816",1
"hhid","53901",1
"hhid","53902",1
"hhid","53903",1
"hhid","53907",1
"hhid","53908",1
"hhid","53910",1
"hhid","53911",1
"hhid","53912",1
"hhid","53913",1
"hhid","53914",1
"hhid","53915",1
"hhid","54001",1
"hhid","54003",1
"hhid","54004",1
"hhid","54005",1
"hhid","54006",1
"hhid","54009",1
"hhid","5401",1
"hhid","54010",1
"hhid","54011",1
"hhid","54012",1
"hhid","54013",1
"hhid","54014",1
"hhid","54015",1
"hhid","5402",1
"hhid","5403",1
"hhid","5404",1
"hhid","5405",1
"hhid","5406",1
"hhid","5407",1
"hhid","5408",1
"hhid","5409",1
"hhid","5410",1
"hhid","54101",1
"hhid","54102",1
"hhid","54104",1
"hhid","54105",1
"hhid","54107",1
"hhid","54108",1
"hhid","54109",1
"hhid","5411",1
"hhid","54110",1
"hhid","54112",1
"hhid","54113",1
"hhid","54114",1
"hhid","54115",1
"hhid","5412",1
"hhid","54201",1
"hhid","54202",1
"hhid","54203",1
"hhid","54204",1
"hhid","54206",1
"hhid","54207",1
"hhid","54208",1
"hhid","54209",1
"hhid","54210",1
"hhid","54211",1
"hhid","54212",1
"hhid","54213",1
"hhid","54301",1
"hhid","54303",1
"hhid","54304",1
"hhid","54305",1
"hhid","54306",1
"hhid","54308",1
"hhid","54310",1
"hhid","54311",1
"hhid","54313",1
"hhid","54314",1
"hhid","54315",1
"hhid","54316",1
"hhid","54401",1
"hhid","54402",1
"hhid","54403",1
"hhid","54404",1
"hhid","54405",1
"hhid","54406",1
"hhid","54407",1
"hhid","54408",1
"hhid","54409",1
"hhid","54410",1
"hhid","54411",1
"hhid","54413",1
"hhid","54501",1
"hhid","54503",1
"hhid","54506",1
"hhid","54507",1
"hhid","54509",1
"hhid","54510",1
"hhid","54511",1
"hhid","54513",1
"hhid","54514",1
"hhid","54515",1
"hhid","54516",1
"hhid","54517",1
"hhid","54601",1
"hhid","54602",1
"hhid","54603",1
"hhid","54604",1
"hhid","54605",1
"hhid","54606",1
"hhid","54607",1
"hhid","54608",1
"hhid","54609",1
"hhid","54610",1
"hhid","54611",1
"hhid","54612",1
"hhid","54701",1
"hhid","54702",1
"hhid","54703",1
"hhid","54704",1
"hhid","54705",1
"hhid","54706",1
"hhid","54707",1
"hhid","54708",1
"hhid","54709",1
"hhid","54710",1
"hhid","54711",1
"hhid","54712",1
"hhid","54802",1
"hhid","54803",1
"hhid","54804",1
"hhid","54805",1
"hhid","54806",1
"hhid","54807",1
"hhid","54808",1
"hhid","54809",1
"hhid","54811",1
"hhid","54812",1
"hhid","54813",1
"hhid","54814",1
"hhid","54901",1
"hhid","54902",1
"hhid","54903",1
"hhid","54904",1
"hhid","54905",1
"hhid","54906",1
"hhid","54907",1
"hhid","54908",1
"hhid","54909",1
"hhid","54910",1
"hhid","54911",1
"hhid","54912",1
"hhid","55001",1
"hhid","55002",1
"hhid","55003",1
"hhid","55004",1
"hhid","55005",1
"hhid","55006",1
"hhid","55007",1
"hhid","55008",1
"hhid","55009",1
"hhid","5501",1
"hhid","55010",1
"hhid","55011",1
"hhid","55012",1
"hhid","5502",1
"hhid","5503",1
"hhid","5504",1
"hhid","5505",1
"hhid","5506",1
"hhid","5507",1
"hhid","5508",1
"hhid","5509",1
"hhid","5510",1
"hhid","55101",1
"hhid","55102",1
"hhid","55103",1
"hhid","55104",1
"hhid","55105",1
"hhid","55106",1
"hhid","55107",1
"hhid","55108",1
"hhid","55109",1
"hhid","5511",1
"hhid","55110",1
"hhid","55111",1
"hhid","55112",1
"hhid","5512",1
"hhid","55201",1
"hhid","55202",1
"hhid","55203",1
"hhid","55205",1
"hhid","55206",1
"hhid","55207",1
"hhid","55208",1
"hhid","55209",1
"hhid","55210",1
"hhid","55211",1
"hhid","55213",1
"hhid","55214",1
"hhid","55301",1
"hhid","55302",1
"hhid","55303",1
"hhid","55304",1
"hhid","55305",1
"hhid","55306",1
"hhid","55307",1
"hhid","55308",1
"hhid","55309",1
"hhid","55310",1
"hhid","55311",1
"hhid","55312",1
"hhid","55401",1
"hhid","55402",1
"hhid","55403",1
"hhid","55404",1
"hhid","55405",1
"hhid","55406",1
"hhid","55407",1
"hhid","55408",1
"hhid","55409",1
"hhid","55410",1
"hhid","55411",1
"hhid","55412",1
"hhid","55501",1
"hhid","55503",1
"hhid","55504",1
"hhid","55505",1
"hhid","55506",1
"hhid","55507",1
"hhid","55508",1
"hhid","55509",1
"hhid","55510",1
"hhid","55511",1
"hhid","55512",1
"hhid","55513",1
"hhid","55601",1
"hhid","55602",1
"hhid","55603",1
"hhid","55604",1
"hhid","55605",1
"hhid","55606",1
"hhid","55607",1
"hhid","55608",1
"hhid","55609",1
"hhid","55610",1
"hhid","55611",1
"hhid","55612",1
"hhid","55701",1
"hhid","55702",1
"hhid","55703",1
"hhid","55704",1
"hhid","55705",1
"hhid","55706",1
"hhid","55707",1
"hhid","55708",1
"hhid","55709",1
"hhid","55710",1
"hhid","55711",1
"hhid","55712",1
"hhid","55801",1
"hhid","55802",1
"hhid","55803",1
"hhid","55804",1
"hhid","55805",1
"hhid","55806",1
"hhid","55807",1
"hhid","55808",1
"hhid","55809",1
"hhid","55810",1
"hhid","55811",1
"hhid","55812",1
"hhid","55901",1
"hhid","55902",1
"hhid","55903",1
"hhid","55904",1
"hhid","55905",1
"hhid","55906",1
"hhid","55907",1
"hhid","55908",1
"hhid","55909",1
"hhid","55910",1
"hhid","55911",1
"hhid","55912",1
"hhid","56001",1
"hhid","56002",1
"hhid","56003",1
"hhid","56004",1
"hhid","56005",1
"hhid","56006",1
"hhid","56007",1
"hhid","56008",1
"hhid","56009",1
"hhid","5601",1
"hhid","56010",1
"hhid","56011",1
"hhid","56012",1
"hhid","5602",1
"hhid","5603",1
"hhid","5604",1
"hhid","5605",1
"hhid","5607",1
"hhid","5609",1
"hhid","5610",1
"hhid","56101",1
"hhid","56102",1
"hhid","56103",1
"hhid","56104",1
"hhid","56105",1
"hhid","56106",1
"hhid","56107",1
"hhid","56108",1
"hhid","56109",1
"hhid","5611",1
"hhid","56110",1
"hhid","56111",1
"hhid","56112",1
"hhid","5612",1
"hhid","5613",1
"hhid","5614",1
"hhid","56201",1
"hhid","56202",1
"hhid","56203",1
"hhid","56204",1
"hhid","56205",1
"hhid","56206",1
"hhid","56207",1
"hhid","56208",1
"hhid","56209",1
"hhid","56210",1
"hhid","56211",1
"hhid","56212",1
"hhid","56301",1
"hhid","56302",1
"hhid","56303",1
"hhid","56304",1
"hhid","56305",1
"hhid","56306",1
"hhid","56308",1
"hhid","56309",1
"hhid","56310",1
"hhid","56311",1
"hhid","56312",1
"hhid","56313",1
"hhid","56401",1
"hhid","56402",1
"hhid","56403",1
"hhid","56404",1
"hhid","56405",1
"hhid","56406",1
"hhid","56407",1
"hhid","56408",1
"hhid","56409",1
"hhid","56410",1
"hhid","56411",1
"hhid","56412",1
"hhid","56501",1
"hhid","56502",1
"hhid","56504",1
"hhid","56506",1
"hhid","56508",1
"hhid","56509",1
"hhid","56510",1
"hhid","56511",1
"hhid","56512",1
"hhid","56513",1
"hhid","56514",1
"hhid","56515",1
"hhid","56602",1
"hhid","56603",1
"hhid","56604",1
"hhid","56605",1
"hhid","56607",1
"hhid","56608",1
"hhid","56609",1
"hhid","56610",1
"hhid","56612",1
"hhid","56613",1
"hhid","56614",1
"hhid","56615",1
"hhid","56701",1
"hhid","56702",1
"hhid","56703",1
"hhid","56704",1
"hhid","56705",1
"hhid","56706",1
"hhid","56707",1
"hhid","56708",1
"hhid","56710",1
"hhid","56711",1
"hhid","56712",1
"hhid","56713",1
"hhid","56801",1
"hhid","56802",1
"hhid","56803",1
"hhid","56804",1
"hhid","56805",1
"hhid","56807",1
"hhid","56808",1
"hhid","56809",1
"hhid","56810",1
"hhid","56812",1
"hhid","56813",1
"hhid","56814",1
"hhid","56901",1
"hhid","56902",1
"hhid","56904",1
"hhid","56906",1
"hhid","56907",1
"hhid","56908",1
"hhid","56909",1
"hhid","56910",1
"hhid","56911",1
"hhid","56912",1
"hhid","56913",1
"hhid","56914",1
"hhid","57001",1
"hhid","57002",1
"hhid","57003",1
"hhid","57004",1
"hhid","57005",1
"hhid","57006",1
"hhid","57007",1
"hhid","57009",1
"hhid","5701",1
"hhid","57011",1
"hhid","57012",1
"hhid","57013",1
"hhid","57014",1
"hhid","5702",1
"hhid","5703",1
"hhid","5705",1
"hhid","5706",1
"hhid","5707",1
"hhid","5710",1
"hhid","57101",1
"hhid","57102",1
"hhid","57103",1
"hhid","57104",1
"hhid","57106",1
"hhid","57107",1
"hhid","57108",1
"hhid","57109",1
"hhid","5711",1
"hhid","57110",1
"hhid","57112",1
"hhid","57113",1
"hhid","57114",1
"hhid","5712",1
"hhid","5713",1
"hhid","5714",1
"hhid","5715",1
"hhid","57201",1
"hhid","57202",1
"hhid","57203",1
"hhid","57204",1
"hhid","57205",1
"hhid","57206",1
"hhid","57207",1
"hhid","57208",1
"hhid","57209",1
"hhid","57210",1
"hhid","57211",1
"hhid","57212",1
"hhid","57301",1
"hhid","57302",1
"hhid","57303",1
"hhid","57305",1
"hhid","57306",1
"hhid","57307",1
"hhid","57308",1
"hhid","57309",1
"hhid","57311",1
"hhid","57312",1
"hhid","57313",1
"hhid","57314",1
"hhid","57401",1
"hhid","57402",1
"hhid","57403",1
"hhid","57404",1
"hhid","57405",1
"hhid","57406",1
"hhid","57407",1
"hhid","57408",1
"hhid","57409",1
"hhid","57410",1
"hhid","57411",1
"hhid","57412",1
"hhid","57501",1
"hhid","57502",1
"hhid","57503",1
"hhid","57504",1
"hhid","57505",1
"hhid","57506",1
"hhid","57507",1
"hhid","57508",1
"hhid","57509",1
"hhid","57510",1
"hhid","57511",1
"hhid","57512",1
"hhid","57601",1
"hhid","57602",1
"hhid","57604",1
"hhid","57605",1
"hhid","57606",1
"hhid","57607",1
"hhid","57608",1
"hhid","57609",1
"hhid","57610",1
"hhid","57611",1
"hhid","57612",1
"hhid","57613",1
"hhid","57701",1
"hhid","57702",1
"hhid","57704",1
"hhid","57706",1
"hhid","57707",1
"hhid","57708",1
"hhid","57710",1
"hhid","57711",1
"hhid","57712",1
"hhid","57713",1
"hhid","57714",1
"hhid","57715",1
"hhid","57801",1
"hhid","57802",1
"hhid","57803",1
"hhid","57804",1
"hhid","57805",1
"hhid","57806",1
"hhid","57807",1
"hhid","57808",1
"hhid","57809",1
"hhid","57810",1
"hhid","57811",1
"hhid","57812",1
"hhid","57901",1
"hhid","57902",1
"hhid","57903",1
"hhid","57904",1
"hhid","57905",1
"hhid","57906",1
"hhid","57907",1
"hhid","57908",1
"hhid","57909",1
"hhid","57910",1
"hhid","57911",1
"hhid","57912",1
"hhid","58001",1
"hhid","58002",1
"hhid","58003",1
"hhid","58004",1
"hhid","58005",1
"hhid","58006",1
"hhid","58007",1
"hhid","58008",1
"hhid","58009",1
"hhid","5801",1
"hhid","58010",1
"hhid","58011",1
"hhid","58012",1
"hhid","5802",1
"hhid","5803",1
"hhid","5804",1
"hhid","5805",1
"hhid","5806",1
"hhid","5807",1
"hhid","5808",1
"hhid","5809",1
"hhid","58101",1
"hhid","58102",1
"hhid","58103",1
"hhid","58104",1
"hhid","58105",1
"hhid","58106",1
"hhid","58107",1
"hhid","58108",1
"hhid","58109",1
"hhid","5811",1
"hhid","58110",1
"hhid","58111",1
"hhid","58112",1
"hhid","5812",1
"hhid","5813",1
"hhid","58201",1
"hhid","58202",1
"hhid","58203",1
"hhid","58204",1
"hhid","58205",1
"hhid","58206",1
"hhid","58207",1
"hhid","58208",1
"hhid","58209",1
"hhid","58210",1
"hhid","58211",1
"hhid","58212",1
"hhid","58301",1
"hhid","58302",1
"hhid","58303",1
"hhid","58304",1
"hhid","58305",1
"hhid","58306",1
"hhid","58307",1
"hhid","58308",1
"hhid","58309",1
"hhid","58310",1
"hhid","58311",1
"hhid","58312",1
"hhid","58402",1
"hhid","58403",1
"hhid","58404",1
"hhid","58405",1
"hhid","58406",1
"hhid","58407",1
"hhid","58408",1
"hhid","58409",1
"hhid","58410",1
"hhid","58411",1
"hhid","58412",1
"hhid","58413",1
"hhid","58501",1
"hhid","58502",1
"hhid","58503",1
"hhid","58504",1
"hhid","58505",1
"hhid","58506",1
"hhid","58507",1
"hhid","58508",1
"hhid","58509",1
"hhid","58510",1
"hhid","58511",1
"hhid","58512",1
"hhid","58601",1
"hhid","58602",1
"hhid","58603",1
"hhid","58604",1
"hhid","58605",1
"hhid","58607",1
"hhid","58608",1
"hhid","58609",1
"hhid","58610",1
"hhid","58611",1
"hhid","58612",1
"hhid","58613",1
"hhid","58701",1
"hhid","58703",1
"hhid","58704",1
"hhid","58705",1
"hhid","58706",1
"hhid","58707",1
"hhid","58708",1
"hhid","58709",1
"hhid","58710",1
"hhid","58711",1
"hhid","58712",1
"hhid","58713",1
"hhid","58801",1
"hhid","58802",1
"hhid","58803",1
"hhid","58804",1
"hhid","58805",1
"hhid","58806",1
"hhid","58807",1
"hhid","58808",1
"hhid","58809",1
"hhid","58810",1
"hhid","58811",1
"hhid","58812",1
"hhid","58901",1
"hhid","58902",1
"hhid","58903",1
"hhid","58904",1
"hhid","58905",1
"hhid","58906",1
"hhid","58908",1
"hhid","58909",1
"hhid","58910",1
"hhid","58911",1
"hhid","58913",1
"hhid","58914",1
"hhid","59001",1
"hhid","59002",1
"hhid","59003",1
"hhid","59004",1
"hhid","59005",1
"hhid","59006",1
"hhid","59007",1
"hhid","59008",1
"hhid","59009",1
"hhid","5901",1
"hhid","59010",1
"hhid","59011",1
"hhid","59012",1
"hhid","5902",1
"hhid","5903",1
"hhid","5904",1
"hhid","5905",1
"hhid","5906",1
"hhid","5907",1
"hhid","5908",1
"hhid","5909",1
"hhid","5910",1
"hhid","59101",1
"hhid","59102",1
"hhid","59103",1
"hhid","59104",1
"hhid","59105",1
"hhid","59106",1
"hhid","59108",1
"hhid","59109",1
"hhid","5911",1
"hhid","59110",1
"hhid","59112",1
"hhid","59113",1
"hhid","59114",1
"hhid","5912",1
"hhid","59201",1
"hhid","59202",1
"hhid","59203",1
"hhid","59204",1
"hhid","59205",1
"hhid","59206",1
"hhid","59207",1
"hhid","59208",1
"hhid","59210",1
"hhid","59211",1
"hhid","59212",1
"hhid","59213",1
"hhid","59301",1
"hhid","59302",1
"hhid","59303",1
"hhid","59304",1
"hhid","59305",1
"hhid","59306",1
"hhid","59307",1
"hhid","59308",1
"hhid","59309",1
"hhid","59310",1
"hhid","59311",1
"hhid","59312",1
"hhid","59401",1
"hhid","59402",1
"hhid","59403",1
"hhid","59404",1
"hhid","59405",1
"hhid","59406",1
"hhid","59407",1
"hhid","59408",1
"hhid","59409",1
"hhid","59410",1
"hhid","59411",1
"hhid","59412",1
"hhid","59501",1
"hhid","59502",1
"hhid","59503",1
"hhid","59504",1
"hhid","59505",1
"hhid","59506",1
"hhid","59507",1
"hhid","59508",1
"hhid","59509",1
"hhid","59510",1
"hhid","59511",1
"hhid","59512",1
"hhid","59601",1
"hhid","59602",1
"hhid","59603",1
"hhid","59604",1
"hhid","59605",1
"hhid","59606",1
"hhid","59607",1
"hhid","59608",1
"hhid","59609",1
"hhid","59610",1
"hhid","59611",1
"hhid","59612",1
"hhid","59701",1
"hhid","59702",1
"hhid","59703",1
"hhid","59704",1
"hhid","59705",1
"hhid","59706",1
"hhid","59707",1
"hhid","59708",1
"hhid","59709",1
"hhid","59710",1
"hhid","59711",1
"hhid","59713",1
"hhid","59801",1
"hhid","59802",1
"hhid","59803",1
"hhid","59804",1
"hhid","59805",1
"hhid","59806",1
"hhid","59807",1
"hhid","59808",1
"hhid","59809",1
"hhid","59810",1
"hhid","59811",1
"hhid","59812",1
"hhid","6001",1
"hhid","6002",1
"hhid","6004",1
"hhid","6005",1
"hhid","6006",1
"hhid","6007",1
"hhid","6008",1
"hhid","6009",1
"hhid","6010",1
"hhid","6011",1
"hhid","6012",1
"hhid","6013",1
"hhid","602",1
"hhid","603",1
"hhid","604",1
"hhid","605",1
"hhid","606",1
"hhid","607",1
"hhid","608",1
"hhid","610",1
"hhid","6101",1
"hhid","6102",1
"hhid","6103",1
"hhid","6104",1
"hhid","6105",1
"hhid","6106",1
"hhid","6107",1
"hhid","6108",1
"hhid","611",1
"hhid","6110",1
"hhid","6111",1
"hhid","6112",1
"hhid","6113",1
"hhid","612",1
"hhid","613",1
"hhid","614",1
"hhid","6201",1
"hhid","6204",1
"hhid","6205",1
"hhid","6209",1
"hhid","6211",1
"hhid","6212",1
"hhid","6213",1
"hhid","6214",1
"hhid","6215",1
"hhid","6216",1
"hhid","6217",1
"hhid","6218",1
"hhid","6301",1
"hhid","6302",1
"hhid","6303",1
"hhid","6304",1
"hhid","6306",1
"hhid","6307",1
"hhid","6308",1
"hhid","6309",1
"hhid","6310",1
"hhid","6311",1
"hhid","6312",1
"hhid","6313",1
"hhid","6401",1
"hhid","6402",1
"hhid","6403",1
"hhid","6404",1
"hhid","6405",1
"hhid","6406",1
"hhid","6408",1
"hhid","6409",1
"hhid","6410",1
"hhid","6411",1
"hhid","6412",1
"hhid","6413",1
"hhid","6501",1
"hhid","6503",1
"hhid","6504",1
"hhid","6505",1
"hhid","6506",1
"hhid","6507",1
"hhid","6509",1
"hhid","6510",1
"hhid","6511",1
"hhid","6512",1
"hhid","6513",1
"hhid","6514",1
"hhid","6601",1
"hhid","6602",1
"hhid","6603",1
"hhid","6604",1
"hhid","6605",1
"hhid","6606",1
"hhid","6607",1
"hhid","6608",1
"hhid","6609",1
"hhid","6611",1
"hhid","6612",1
"hhid","6613",1
"hhid","6701",1
"hhid","6702",1
"hhid","6703",1
"hhid","6704",1
"hhid","6706",1
"hhid","6707",1
"hhid","6708",1
"hhid","6709",1
"hhid","6710",1
"hhid","6711",1
"hhid","6712",1
"hhid","6713",1
"hhid","6801",1
"hhid","6802",1
"hhid","6804",1
"hhid","6805",1
"hhid","6806",1
"hhid","6807",1
"hhid","6808",1
"hhid","6809",1
"hhid","6810",1
"hhid","6811",1
"hhid","6813",1
"hhid","6814",1
"hhid","6901",1
"hhid","6902",1
"hhid","6903",1
"hhid","6904",1
"hhid","6905",1
"hhid","6906",1
"hhid","6908",1
"hhid","6911",1
"hhid","6912",1
"hhid","6913",1
"hhid","6914",1
"hhid","6915",1
"hhid","7002",1
"hhid","7004",1
"hhid","7005",1
"hhid","7006",1
"hhid","7007",1
"hhid","7008",1
"hhid","701",1
"hhid","7010",1
"hhid","7011",1
"hhid","7012",1
"hhid","7013",1
"hhid","7014",1
"hhid","7015",1
"hhid","702",1
"hhid","703",1
"hhid","7101",1
"hhid","7102",1
"hhid","7103",1
"hhid","7104",1
"hhid","7106",1
"hhid","7107",1
"hhid","7108",1
"hhid","7109",1
"hhid","7110",1
"hhid","7111",1
"hhid","7112",1
"hhid","7113",1
"hhid","713",1
"hhid","714",1
"hhid","715",1
"hhid","716",1
"hhid","717",1
"hhid","7201",1
"hhid","7202",1
"hhid","7203",1
"hhid","7204",1
"hhid","7207",1
"hhid","7210",1
"hhid","7212",1
"hhid","7213",1
"hhid","7214",1
"hhid","7215",1
"hhid","7216",1
"hhid","7217",1
"hhid","7301",1
"hhid","7302",1
"hhid","7306",1
"hhid","7307",1
"hhid","7308",1
"hhid","7309",1
"hhid","7311",1
"hhid","7313",1
"hhid","7314",1
"hhid","7315",1
"hhid","7316",1
"hhid","7317",1
"hhid","7401",1
"hhid","7402",1
"hhid","7403",1
"hhid","7404",1
"hhid","7405",1
"hhid","7406",1
"hhid","7407",1
"hhid","7408",1
"hhid","7409",1
"hhid","7410",1
"hhid","7412",1
"hhid","7413",1
"hhid","7501",1
"hhid","7502",1
"hhid","7503",1
"hhid","7504",1
"hhid","7505",1
"hhid","7506",1
"hhid","7507",1
"hhid","7508",1
"hhid","7509",1
"hhid","7510",1
"hhid","7511",1
"hhid","7512",1
"hhid","7601",1
"hhid","7602",1
"hhid","7603",1
"hhid","7604",1
"hhid","7605",1
"hhid","7606",1
"hhid","7607",1
"hhid","7608",1
"hhid","7609",1
"hhid","7610",1
"hhid","7611",1
"hhid","7701",1
"hhid","7702",1
"hhid","7703",1
"hhid","7704",1
"hhid","7706",1
"hhid","7707",1
"hhid","7709",1
"hhid","7710",1
"hhid","7712",1
"hhid","7713",1
"hhid","7714",1
"hhid","7715",1
"hhid","7801",1
"hhid","7802",1
"hhid","7803",1
"hhid","7804",1
"hhid","7805",1
"hhid","7806",1
"hhid","7807",1
"hhid","7808",1
"hhid","7809",1
"hhid","7810",1
"hhid","7811",1
"hhid","7812",1
"hhid","7901",1
"hhid","7903",1
"hhid","7905",1
"hhid","7906",1
"hhid","7908",1
"hhid","7909",1
"hhid","7910",1
"hhid","7911",1
"hhid","7912",1
"hhid","7913",1
"hhid","7914",1
"hhid","7915",1
"hhid","8002",1
"hhid","8003",1
"hhid","8004",1
"hhid","8005",1
"hhid","8008",1
"hhid","8011",1
"hhid","8012",1
"hhid","8013",1
"hhid","8014",1
"hhid","8015",1
"hhid","8016",1
"hhid","8017",1
"hhid","802",1
"hhid","803",1
"hhid","805",1
"hhid","807",1
"hhid","808",1
"hhid","809",1
"hhid","810",1
"hhid","8102",1
"hhid","8106",1
"hhid","8108",1
"hhid","8113",1
"hhid","8114",1
"hhid","8115",1
"hhid","812",1
"hhid","813",1
"hhid","814",1
"hhid","815",1
"hhid","816",1
"hhid","8203",1
"hhid","8204",1
"hhid","8205",1
"hhid","8207",1
"hhid","8208",1
"hhid","8209",1
"hhid","8210",1
"hhid","8212",1
"hhid","8213",1
"hhid","8214",1
"hhid","8215",1
"hhid","8216",1
"hhid","8301",1
"hhid","8302",1
"hhid","8303",1
"hhid","8304",1
"hhid","8305",1
"hhid","8306",1
"hhid","8307",1
"hhid","8308",1
"hhid","8309",1
"hhid","8310",1
"hhid","8311",1
"hhid","8313",1
"hhid","8403",1
"hhid","8404",1
"hhid","8405",1
"hhid","8406",1
"hhid","8408",1
"hhid","8409",1
"hhid","8411",1
"hhid","8412",1
"hhid","8413",1
"hhid","8414",1
"hhid","8415",1
"hhid","8416",1
"hhid","8502",1
"hhid","8503",1
"hhid","8504",1
"hhid","8506",1
"hhid","8507",1
"hhid","8508",1
"hhid","8509",1
"hhid","8510",1
"hhid","8512",1
"hhid","8513",1
"hhid","8514",1
"hhid","8515",1
"hhid","8601",1
"hhid","8602",1
"hhid","8603",1
"hhid","8604",1
"hhid","8606",1
"hhid","8607",1
"hhid","8609",1
"hhid","8612",1
"hhid","8613",1
"hhid","8614",1
"hhid","8615",1
"hhid","8616",1
"hhid","8701",1
"hhid","8702",1
"hhid","8703",1
"hhid","8704",1
"hhid","8705",1
"hhid","8706",1
"hhid","8707",1
"hhid","8708",1
"hhid","8710",1
"hhid","8711",1
"hhid","8712",1
"hhid","8713",1
"hhid","8801",1
"hhid","8802",1
"hhid","8803",1
"hhid","8804",1
"hhid","8805",1
"hhid","8806",1
"hhid","8807",1
"hhid","8808",1
"hhid","8809",1
"hhid","8810",1
"hhid","8811",1
"hhid","8812",1
"hhid","9001",1
"hhid","9002",1
"hhid","9003",1
"hhid","9004",1
"hhid","9005",1
"hhid","9006",1
"hhid","9007",1
"hhid","9008",1
"hhid","9009",1
"hhid","9011",1
"hhid","9012",1
"hhid","9013",1
"hhid","902",1
"hhid","905",1
"hhid","906",1
"hhid","907",1
"hhid","908",1
"hhid","909",1
"hhid","910",1
"hhid","9101",1
"hhid","9102",1
"hhid","9103",1
"hhid","9104",1
"hhid","9105",1
"hhid","9106",1
"hhid","9107",1
"hhid","9109",1
"hhid","911",1
"hhid","9110",1
"hhid","9111",1
"hhid","9112",1
"hhid","9113",1
"hhid","912",1
"hhid","913",1
"hhid","914",1
"hhid","915",1
"hhid","9201",1
"hhid","9202",1
"hhid","9203",1
"hhid","9204",1
"hhid","9205",1
"hhid","9206",1
"hhid","9207",1
"hhid","9208",1
"hhid","9209",1
"hhid","9210",1
"hhid","9211",1
"hhid","9212",1
"hhid","9301",1
"hhid","9302",1
"hhid","9303",1
"hhid","9304",1
"hhid","9305",1
"hhid","9306",1
"hhid","9307",1
"hhid","9308",1
"hhid","9309",1
"hhid","9310",1
"hhid","9311",1
"hhid","9312",1
"hhid","9401",1
"hhid","9402",1
"hhid","9403",1
"hhid","9404",1
"hhid","9405",1
"hhid","9406",1
"hhid","9407",1
"hhid","9408",1
"hhid","9409",1
"hhid","9410",1
"hhid","9411",1
"hhid","9412",1
"hhid","9501",1
"hhid","9502",1
"hhid","9503",1
"hhid","9504",1
"hhid","9505",1
"hhid","9506",1
"hhid","9507",1
"hhid","9508",1
"hhid","9509",1
"hhid","9510",1
"hhid","9511",1
"hhid","9512",1
"hhid","9601",1
"hhid","9602",1
"hhid","9603",1
"hhid","9604",1
"hhid","9606",1
"hhid","9607",1
"hhid","9608",1
"hhid","9609",1
"hhid","9610",1
"hhid","9611",1
"hhid","9612",1
"hhid","9613",1
"hhid","9701",1
"hhid","9702",1
"hhid","9703",1
"hhid","9704",1
"hhid","9705",1
"hhid","9706",1
"hhid","9707",1
"hhid","9708",1
"hhid","9709",1
"hhid","9710",1
"hhid","9711",1
"hhid","9713",1
"hhid","9801",1
"hhid","9802",1
"hhid","9803",1
"hhid","9804",1
"hhid","9805",1
"hhid","9806",1
"hhid","9807",1
"hhid","9809",1
"hhid","9810",1
"hhid","9812",1
"hhid","9813",1
"hhid","9814",1
"hhid","9901",1
"hhid","9902",1
"hhid","9903",1
"hhid","9905",1
"hhid","9906",1
"hhid","9907",1
"hhid","9908",1
"hhid","9909",1
"hhid","9910",1
"hhid","9911",1
"hhid","9912",1
"hhid","9913",1
"region","DAKAR",1005
"region","DIOURBEL",552
"region","FATICK",455
"region","KAFFRINE",432
"region","KAOLACK",526
"region","KEDOUGOU",452
"region","KOLDA",432
"region","LOUGA",480
"region","MATAM",408
"region","SAINT-LOUIS",503
"region","SEDHIOU",408
"region","TAMBACOUNDA",432
"region","THIES",567
"region","ZIGUINCHOR",468
"milieu","Rural",3198
"milieu","Urbain",3922
"nationalite_cm","Autre Afrique",7
"nationalite_cm","Autre pays hors Afrique",2
"nationalite_cm","Cote d'ivoire",1
"nationalite_cm","Gambie",2
"nationalite_cm","Ghana",1
"nationalite_cm","Guinee",39
"nationalite_cm","Guinée Bissau",8
"nationalite_cm","Mali",18
"nationalite_cm","Niger",2
"nationalite_cm","Nigeria",1
"nationalite_cm","Sénégal",7038
"nationalite_cm","Togo",1
"sexe_cm","Féminin",2025
"sexe_cm","Masculin",5095
"situation_matri_cm","Célibataire",173
"situation_matri_cm","Divorcé(e)",163
"situation_matri_cm","Marié(e) monogame",3839
"situation_matri_cm","Marié(e) polygame",1821
"situation_matri_cm","Séparé(e)",31
"situation_matri_cm","Union libre",1
"situation_matri_cm","Veuf(ve)",1092
"niv_edu_cm","Aucun",4894
"niv_edu_cm","Maternelle",1
"niv_edu_cm","Postsecondaire",61
"niv_edu_cm","Primaire",1053
"niv_edu_cm","Second. gl 1",522
"niv_edu_cm","Second. gl 2",268
"niv_edu_cm","Second. tech. 1",10
"niv_edu_cm","Second. tech. 2",27
"niv_edu_cm","Superieur",284
"plus_haut_diplome_cm","Aucun",5772
"plus_haut_diplome_cm","BAC",150
"plus_haut_diplome_cm","BEPC",317
"plus_haut_diplome_cm","BT",7
"plus_haut_diplome_cm","CAP",39
"plus_haut_diplome_cm","CEPE",583
"plus_haut_diplome_cm","DEUG, DUT, BTS",46
"plus_haut_diplome_cm","Doctorat/Phd",18
"plus_haut_diplome_cm","Licence",101
"plus_haut_diplome_cm","Maitrise",55
"plus_haut_diplome_cm","Master/DEA/DESS",32
"alphabetise_cm","Non",3477
"alphabetise_cm","Oui",3643
"alphabetise_comp_cm","Non",3598
"alphabetise_comp_cm","Oui",3522
"activ_7j_cm","Chomeur",34
"activ_7j_cm","Inactif",1841
"activ_7j_cm","Occupe",5178
"activ_7j_cm","TF cherchant emploi",5
"activ_7j_cm","TF cherchant pas",62
"activ_12m_cm","Non occupe",1326
"activ_12m_cm","Occupe",5727
"activ_12m_cm","Trav. fam.",67
"ranche_activ_cm","34",1
"ranche_activ_cm","502",1
"ranche_activ_cm","930",8
"ranche_activ_cm","Agriculture",1363
"ranche_activ_cm","Aut. services",354
"ranche_activ_cm","Autr. indust.",643
"ranche_activ_cm","BTP",361
"ranche_activ_cm","Commerce",904
"ranche_activ_cm","Education/Sante",421
"ranche_activ_cm","Elevage/syl./peche",523
"ranche_activ_cm","Indust. extr.",70
"ranche_activ_cm","Non occupe",1838
"ranche_activ_cm","Restaurant/Hotel",75
"ranche_activ_cm","Services perso.",262
"ranche_activ_cm","Trans./Comm.",296
"csp_cm","Cadre moyen/agent de maîtrise",280
"csp_cm","Cadre supérieur",57
"csp_cm","Manœuvre, aide ménagère",151
"csp_cm","Non occupe",1326
"csp_cm","Ouvrier ou employé non qualifié",332
"csp_cm","Ouvrier ou employé qualifié",450
"csp_cm","Patron",119
"csp_cm","Stagiaire ou Apprenti non rénuméré",3
"csp_cm","Stagiaire ou Apprenti rénuméré",34
"csp_cm","Travailleur Familial contribuant pour une entreprise familial",66
"csp_cm","Travailleur pour compte propre",4302
"sect_inst_cm","Entreprise associative",81
"sect_inst_cm","Entreprise Privée",5244
"sect_inst_cm","Entreprise publique/ parapublique",146
"sect_inst_cm","Etat/Collectivités locales",221
"sect_inst_cm","Ménage comme employeur de personnel domestique",64
"sect_inst_cm","Non occupe",1359
"sect_inst_cm","Organisme international /Ambassade",5
"frigo","Non",4814
"frigo","Oui",2306
"tv","Non",3121
"tv","Oui",3999
"ordin","Non",6675
"ordin","Oui",445
"car","Non",6841
"car","Oui",279
"fer","Non",6853
"fer","Oui",267
"decod","Non",6018
"decod","Oui",1102
"cuisin","Non",6856
"cuisin","Oui",264
"mur","Non",673
"mur","Oui",6447
"toit","Non",950
"toit","Oui",6170
"sol","Non",1573
"sol","Oui",5547
"logem","Autre",406
"logem","Locataire",879
"logem","Proprietaire sans titre",2445
"logem","Proprietaire titre",3390
"elec_ac","Non",2498
"elec_ac","Oui",4622
"elec_ua","Non",6041
"elec_ua","Oui",1079
"elec_ur","Non",2555
"elec_ur","Oui",4565
"eauboi_sp","Non",1619
"eauboi_sp","Oui",5501
"eauboi_ss","Non",1613
"eauboi_ss","Oui",5507
"toilet","Non",3027
"toilet","Oui",4093
"eva_eau","Non",5233
"eva_eau","Oui",1887
"eva_toi","Non",3460
"eva_toi","Oui",3660
"ordure","Non",3252
"ordure","Oui",3868
"sh_co_natu","Non",5674
"sh_co_natu","Oui",1446
"sh_co_eco","Non",4257
"sh_co_eco","Oui",2863
"sh_co_vio","Non",7014
"sh_co_vio","Oui",106
"sh_co_oth","Non",7043
"sh_co_oth","Oui",77
"sh_id_demo","Non",5430
"sh_id_demo","Oui",1690
"sh_id_eco","Non",6156
"sh_id_eco","Oui",964
"bank","Non",495
"bank","Oui",6625
"internet","Non",1569
"internet","Oui",5551
"telpor","Non",64
"telpor","Oui",7056
